1.000000000000000000e+00,0.000000000000000000e+00,7.629599999999999715e-01,7.778000000000000191e-02,1.000000000000000000e+00,3.770700000000000163e-01,1.000000000000000000e+00,8.574100000000000055e-01,8.000000000000000444e-01,6.110999999999999766e-02,4.555600000000000205e-01,4.277799999999999936e-01,1.000000000000000000e+00,1.258100000000000052e-01,1.000000000000000000e+00,8.351899999999999880e-01,4.925899999999999723e-01,1.875999999999999890e-02,8.222199999999999509e-01,5.926000000000000018e-02,9.821499999999999675e-01,1.993800000000000017e-01,1.000000000000000000e+00,2.671399999999999886e-01,6.963000000000000300e-01,3.462399999999999922e-01,9.214799999999999658e-01,2.454900000000000138e-01,7.888899999999999801e-01,2.036999999999999922e-02,8.749200000000000310e-01,3.531000000000000250e-01,1.000000000000000000e+00,5.703700000000000436e-01,1.000000000000000000e+00,0.000000000000000000e+00
1.000000000000000000e+00,0.000000000000000000e+00,3.852099999999999969e-01,1.556400000000000006e-01,4.124499999999999833e-01,9.407999999999999696e-02,2.645899999999999919e-01,2.412499999999999922e-01,2.334600000000000009e-01,1.323000000000000009e-01,1.945500000000000007e-01,2.529199999999999782e-01,2.451399999999999968e-01,3.696499999999999786e-01,8.949000000000000010e-02,2.295699999999999963e-01,3.891000000000000014e-02,3.744399999999999951e-01,5.057999999999999996e-02,2.490300000000000014e-01,2.490300000000000014e-01,9.728000000000000536e-02,7.782000000000000028e-02,3.632000000000000228e-01,2.494000000000000036e-02,3.724000000000000088e-01,6.024000000000000188e-02,2.625600000000000156e-01,1.478599999999999914e-01,1.478599999999999914e-01,9.339000000000000079e-02,4.055000000000000271e-01,1.906599999999999961e-01,2.879399999999999737e-01,0.000000000000000000e+00,1.000000000000000000e+00
1.000000000000000000e+00,0.000000000000000000e+00,5.754000000000000226e-01,3.175000000000000044e-02,7.519799999999999818e-01,6.816999999999999449e-02,6.150799999999999601e-01,1.190000000000000085e-02,5.396800000000000486e-01,3.373000000000000304e-02,6.170600000000000529e-01,9.921000000000000651e-02,5.912699999999999623e-01,2.381000000000000130e-02,6.269799999999999818e-01,1.190000000000000085e-02,7.083300000000000152e-01,2.612000000000000086e-02,6.031699999999999839e-01,1.586999999999999869e-02,4.781699999999999839e-01,2.777999999999999914e-02,5.912699999999999623e-01,4.569999999999999757e-02,5.000000000000000000e-01,5.188000000000000250e-02,6.129099999999999548e-01,1.237000000000000079e-02,6.170600000000000529e-01,1.349200000000000121e-01,6.884900000000000464e-01,1.808999999999999844e-02,6.250000000000000000e-01,3.175000000000000044e-02,1.000000000000000000e+00,0.000000000000000000e+00
1.000000000000000000e+00,0.000000000000000000e+00,6.403999999999999970e-02,1.527100000000000124e-01,4.433000000000000135e-02,7.521999999999999520e-02,8.373999999999999500e-02,2.462999999999999912e-02,1.477999999999999974e-02,1.871899999999999953e-01,6.403999999999999970e-02,0.000000000000000000e+00,1.231499999999999956e-01,9.851999999999999647e-02,5.911000000000000282e-02,0.000000000000000000e+00,1.969999999999999876e-02,2.994000000000000133e-02,1.280799999999999994e-01,2.069000000000000006e-01,6.897000000000000353e-02,1.477999999999999974e-02,6.897000000000000353e-02,3.583000000000000074e-02,7.882000000000000117e-02,2.125499999999999889e-01,2.807899999999999840e-01,4.925999999999999823e-02,5.911000000000000282e-02,9.360000000000000264e-02,4.433000000000000135e-02,7.058999999999999997e-02,7.388999999999999735e-02,1.083699999999999941e-01,0.000000000000000000e+00,1.000000000000000000e+00
1.000000000000000000e+00,0.000000000000000000e+00,6.185699999999999532e-01,1.084999999999999992e-01,7.069400000000000128e-01,8.826000000000000512e-02,7.035799999999999832e-01,1.677999999999999978e-02,7.427300000000000013e-01,2.239999999999999804e-03,7.102899999999999769e-01,1.577199999999999991e-01,7.158799999999999608e-01,2.239999999999999804e-03,7.975400000000000267e-01,6.600000000000000311e-02,8.366900000000000448e-01,1.676900000000000057e-01,6.867999999999999661e-01,9.059999999999999998e-02,6.252799999999999470e-01,1.341999999999999964e-02,6.096200000000000507e-01,1.423800000000000066e-01,7.125299999999999967e-01,1.243200000000000000e-01,6.984500000000000153e-01,1.672999999999999834e-02,6.331099999999999506e-01,4.809999999999999692e-02,7.885900000000000132e-01,6.701999999999999624e-02,6.521299999999999875e-01,4.698000000000000093e-02,1.000000000000000000e+00,0.000000000000000000e+00
1.000000000000000000e+00,0.000000000000000000e+00,2.531599999999999961e-01,3.594899999999999762e-01,0.000000000000000000e+00,0.000000000000000000e+00,2.962000000000000188e-01,1.000000000000000000e+00,0.000000000000000000e+00,0.000000000000000000e+00,7.595000000000000362e-02,7.341999999999999915e-02,0.000000000000000000e+00,0.000000000000000000e+00,0.000000000000000000e+00,0.000000000000000000e+00,0.000000000000000000e+00,0.000000000000000000e+00,0.000000000000000000e+00,0.000000000000000000e+00,7.590000000000000392e-03,6.810100000000000042e-01,2.000000000000000111e-01,4.081699999999999773e-01,1.038000000000000034e-01,4.667200000000000237e-01,5.569999999999999951e-02,1.000000000000000000e+00,0.000000000000000000e+00,0.000000000000000000e+00,6.328999999999999904e-02,1.302689999999999904e+00,0.000000000000000000e+00,0.000000000000000000e+00,0.000000000000000000e+00,1.000000000000000000e+00
1.000000000000000000e+00,0.000000000000000000e+00,8.810299999999999798e-01,8.569999999999999493e-03,8.981799999999999784e-01,3.137000000000000205e-02,9.410500000000000531e-01,1.822000000000000008e-02,8.917500000000000426e-01,1.275499999999999967e-01,8.220800000000000329e-01,1.093200000000000005e-01,8.885300000000000420e-01,1.179000000000000013e-02,9.078199999999999603e-01,1.371900000000000064e-01,8.713800000000000434e-01,6.187999999999999751e-02,9.078199999999999603e-01,2.358000000000000027e-02,8.799599999999999644e-01,1.457700000000000107e-01,8.285099999999999687e-01,1.507199999999999929e-01,9.013900000000000245e-01,2.550499999999999989e-01,8.824499999999999567e-01,1.490299999999999958e-01,8.435200000000000475e-01,1.286200000000000121e-01,8.842400000000000260e-01,2.415499999999999869e-01,9.174700000000000077e-01,1.682700000000000029e-01,1.000000000000000000e+00,0.000000000000000000e+00
1.000000000000000000e+00,0.000000000000000000e+00,4.270800000000000152e-01,5.000000000000000000e-01,0.000000000000000000e+00,0.000000000000000000e+00,0.000000000000000000e+00,0.000000000000000000e+00,4.645799999999999930e-01,5.104199999999999848e-01,5.895799999999999930e-01,2.083000000000000129e-02,0.000000000000000000e+00,0.000000000000000000e+00,0.000000000000000000e+00,0.000000000000000000e+00,1.645800000000000041e-01,4.600500000000000145e-01,5.916700000000000292e-01,1.833299999999999930e-01,0.000000000000000000e+00,0.000000000000000000e+00,0.000000000000000000e+00,0.000000000000000000e+00,9.875000000000000444e-01,5.338899999999999757e-01,1.000000000000000000e+00,1.000000000000000000e+00,2.791699999999999737e-01,7.562499999999999778e-01,0.000000000000000000e+00,0.000000000000000000e+00,0.000000000000000000e+00,0.000000000000000000e+00,0.000000000000000000e+00,1.000000000000000000e+00
1.000000000000000000e+00,0.000000000000000000e+00,8.885300000000000420e-01,1.631000000000000158e-02,9.200700000000000545e-01,1.660999999999999976e-02,9.244200000000000195e-01,1.358999999999999965e-02,8.917899999999999716e-01,1.022300000000000014e-01,9.010299999999999976e-01,8.427999999999999381e-02,9.304000000000000048e-01,1.033000000000000064e-02,9.309399999999999897e-01,8.917999999999999539e-02,8.602499999999999591e-01,5.122000000000000164e-02,8.945100000000000273e-01,4.023999999999999799e-02,8.841799999999999660e-01,1.212600000000000067e-01,8.890700000000000269e-01,1.443699999999999983e-01,8.297999999999999821e-01,1.848499999999999865e-01,8.645300000000000207e-01,1.180800000000000044e-01,8.553600000000000092e-01,1.305099999999999871e-01,8.352399999999999824e-01,1.622099999999999931e-01,8.678599999999999648e-01,1.223500000000000004e-01,1.000000000000000000e+00,0.000000000000000000e+00
1.000000000000000000e+00,0.000000000000000000e+00,0.000000000000000000e+00,0.000000000000000000e+00,1.000000000000000000e+00,1.640300000000000091e-01,8.844400000000000039e-01,2.000000000000000042e-02,0.000000000000000000e+00,0.000000000000000000e+00,1.000000000000000000e+00,4.244399999999999840e-01,1.000000000000000000e+00,1.955600000000000116e-01,1.000000000000000000e+00,5.333000000000000240e-02,1.000000000000000000e+00,8.261199999999999655e-01,0.000000000000000000e+00,0.000000000000000000e+00,1.000000000000000000e+00,4.000000000000000083e-02,1.000000000000000000e+00,2.262899999999999912e-01,0.000000000000000000e+00,0.000000000000000000e+00,1.000000000000000000e+00,1.000000000000000000e+00,0.000000000000000000e+00,0.000000000000000000e+00,1.000000000000000000e+00,1.534300000000000108e-01,9.066699999999999759e-01,9.556000000000000605e-02,0.000000000000000000e+00,1.000000000000000000e+00
1.000000000000000000e+00,0.000000000000000000e+00,8.114299999999999846e-01,3.713999999999999940e-02,8.514300000000000201e-01,1.820000000000000003e-03,7.900000000000000355e-01,7.139999999999999646e-03,7.957100000000000284e-01,4.286000000000000226e-02,8.757099999999999884e-01,0.000000000000000000e+00,8.557099999999999707e-01,6.714000000000000523e-02,8.642900000000000027e-01,2.860000000000000129e-03,8.285700000000000287e-01,5.498999999999999722e-02,8.100000000000000533e-01,1.185699999999999948e-01,7.685699999999999754e-01,8.429000000000000381e-02,8.428600000000000536e-01,6.060999999999999721e-02,7.700000000000000178e-01,8.966000000000000358e-02,8.159800000000000386e-01,8.669000000000000317e-02,8.257100000000000550e-01,1.042899999999999938e-01,8.142899999999999583e-01,6.512999999999999345e-02,8.214299999999999935e-01,1.514300000000000090e-01,1.000000000000000000e+00,0.000000000000000000e+00
1.000000000000000000e+00,0.000000000000000000e+00,0.000000000000000000e+00,0.000000000000000000e+00,0.000000000000000000e+00,0.000000000000000000e+00,0.000000000000000000e+00,0.000000000000000000e+00,0.000000000000000000e+00,0.000000000000000000e+00,0.000000000000000000e+00,0.000000000000000000e+00,1.000000000000000000e+00,1.000000000000000000e+00,1.000000000000000000e+00,5.517199999999999882e-01,0.000000000000000000e+00,0.000000000000000000e+00,0.000000000000000000e+00,0.000000000000000000e+00,0.000000000000000000e+00,0.000000000000000000e+00,0.000000000000000000e+00,0.000000000000000000e+00,0.000000000000000000e+00,0.000000000000000000e+00,1.000000000000000000e+00,1.000000000000000000e+00,0.000000000000000000e+00,0.000000000000000000e+00,0.000000000000000000e+00,0.000000000000000000e+00,0.000000000000000000e+00,0.000000000000000000e+00,0.000000000000000000e+00,1.000000000000000000e+00
1.000000000000000000e+00,0.000000000000000000e+00,4.986999999999999766e-01,1.818000000000000171e-02,4.311699999999999977e-01,1.223000000000000059e-01,5.064899999999999958e-01,4.155999999999999972e-02,5.012999999999999678e-01,9.610000000000000486e-02,4.467499999999999805e-01,5.974000000000000143e-02,5.584400000000000475e-01,1.194800000000000029e-01,5.168800000000000061e-01,3.636000000000000343e-02,5.272700000000000164e-01,6.051000000000000129e-02,5.532500000000000195e-01,1.038999999999999993e-02,4.857099999999999751e-01,3.377000000000000141e-02,4.909100000000000130e-01,1.260000000000000009e-02,5.922100000000000142e-01,0.000000000000000000e+00,5.321500000000000119e-01,3.280000000000000276e-02,4.311699999999999977e-01,3.377000000000000141e-02,5.454499999999999904e-01,7.105999999999999817e-02,5.896099999999999675e-01,8.570999999999999452e-02,1.000000000000000000e+00,0.000000000000000000e+00
0.000000000000000000e+00,0.000000000000000000e+00,0.000000000000000000e+00,0.000000000000000000e+00,0.000000000000000000e+00,0.000000000000000000e+00,0.000000000000000000e+00,0.000000000000000000e+00,0.000000000000000000e+00,0.000000000000000000e+00,0.000000000000000000e+00,0.000000000000000000e+00,0.000000000000000000e+00,0.000000000000000000e+00,0.000000000000000000e+00,0.000000000000000000e+00,0.000000000000000000e+00,0.000000000000000000e+00,0.000000000000000000e+00,0.000000000000000000e+00,0.000000000000000000e+00,0.000000000000000000e+00,0.000000000000000000e+00,0.000000000000000000e+00,0.000000000000000000e+00,0.000000000000000000e+00,1.000000000000000000e+00,1.000000000000000000e+00,0.000000000000000000e+00,0.000000000000000000e+00,0.000000000000000000e+00,0.000000000000000000e+00,0.000000000000000000e+00,0.000000000000000000e+00,0.000000000000000000e+00,1.000000000000000000e+00
1.000000000000000000e+00,0.000000000000000000e+00,1.000000000000000000e+00,5.000000000000000000e-01,1.000000000000000000e+00,3.181499999999999884e-01,2.500000000000000000e-01,1.000000000000000000e+00,1.685099999999999931e-01,9.118000000000000549e-01,1.333600000000000063e-01,8.045400000000000329e-01,3.410699999999999843e-01,6.079299999999999704e-01,4.381999999999999784e-01,3.785600000000000076e-01,4.366300000000000181e-01,1.692500000000000115e-01,3.667599999999999749e-01,6.779999999999999569e-03,2.647700000000000053e-01,9.024999999999999689e-02,1.617800000000000071e-01,1.571500000000000119e-01,7.782000000000000028e-02,1.666300000000000003e-01,2.088999999999999885e-02,1.024199999999999972e-01,1.033000000000000064e-02,7.036000000000000587e-02,2.223999999999999935e-02,5.396000000000000102e-02,2.248999999999999957e-02,2.017000000000000043e-02,1.000000000000000000e+00,0.000000000000000000e+00
1.000000000000000000e+00,0.000000000000000000e+00,0.000000000000000000e+00,0.000000000000000000e+00,0.000000000000000000e+00,0.000000000000000000e+00,1.000000000000000000e+00,1.000000000000000000e+00,1.000000000000000000e+00,1.000000000000000000e+00,0.000000000000000000e+00,0.000000000000000000e+00,1.000000000000000000e+00,1.111100000000000004e-01,0.000000000000000000e+00,0.000000000000000000e+00,0.000000000000000000e+00,0.000000000000000000e+00,1.000000000000000000e+00,1.000000000000000000e+00,1.000000000000000000e+00,1.000000000000000000e+00,1.000000000000000000e+00,1.212239999999999984e+00,0.000000000000000000e+00,0.000000000000000000e+00,1.000000000000000000e+00,1.000000000000000000e+00,0.000000000000000000e+00,0.000000000000000000e+00,0.000000000000000000e+00,0.000000000000000000e+00,1.000000000000000000e+00,1.000000000000000000e+00,0.000000000000000000e+00,1.000000000000000000e+00
1.000000000000000000e+00,0.000000000000000000e+00,8.704800000000000315e-01,3.802699999999999969e-01,6.409899999999999487e-01,8.808000000000000274e-01,3.134700000000000264e-01,8.662499999999999645e-01,3.932999999999999691e-02,9.073999999999999844e-01,4.217299999999999938e-01,7.934600000000000541e-01,7.056099999999999595e-01,5.155999999999999472e-01,8.104900000000000437e-01,2.273499999999999965e-01,8.113599999999999701e-01,1.270100000000000118e-01,6.747400000000000064e-01,3.810200000000000253e-01,3.833400000000000141e-01,6.286100000000000021e-01,1.301299999999999957e-01,8.578000000000000069e-01,1.555199999999999916e-01,8.684500000000000552e-01,3.854400000000000048e-01,5.156800000000000272e-01,5.257300000000000306e-01,2.989700000000000135e-01,5.623899999999999455e-01,7.735000000000000209e-02,5.145999999999999464e-01,1.664499999999999869e-01,1.000000000000000000e+00,0.000000000000000000e+00
1.000000000000000000e+00,0.000000000000000000e+00,0.000000000000000000e+00,0.000000000000000000e+00,0.000000000000000000e+00,0.000000000000000000e+00,0.000000000000000000e+00,0.000000000000000000e+00,1.000000000000000000e+00,1.000000000000000000e+00,0.000000000000000000e+00,0.000000000000000000e+00,1.000000000000000000e+00,3.733299999999999952e-01,1.199999999999999956e-01,1.199999999999999956e-01,0.000000000000000000e+00,0.000000000000000000e+00,1.000000000000000000e+00,1.000000000000000000e+00,0.000000000000000000e+00,0.000000000000000000e+00,1.000000000000000000e+00,1.212239999999999984e+00,0.000000000000000000e+00,0.000000000000000000e+00,1.000000000000000000e+00,2.266700000000000104e-01,0.000000000000000000e+00,0.000000000000000000e+00,0.000000000000000000e+00,0.000000000000000000e+00,0.000000000000000000e+00,0.000000000000000000e+00,0.000000000000000000e+00,1.000000000000000000e+00
1.000000000000000000e+00,0.000000000000000000e+00,8.817899999999999627e-01,4.349100000000000188e-01,5.957299999999999818e-01,9.882400000000000073e-01,1.967200000000000060e-01,9.453700000000000436e-01,2.410299999999999943e-01,9.254400000000000404e-01,6.252600000000000380e-01,7.125700000000000367e-01,8.644300000000000317e-01,3.365199999999999858e-01,9.238399999999999945e-01,5.337999999999999690e-02,7.735600000000000254e-01,4.528599999999999848e-01,4.694999999999999729e-01,7.328500000000000014e-01,1.023700000000000027e-01,8.221699999999999564e-01,2.638400000000000190e-01,9.403299999999999992e-01,5.598400000000000043e-01,7.310200000000000031e-01,7.214699999999999447e-01,2.443299999999999916e-01,7.247799999999999798e-01,9.599000000000000588e-02,5.813700000000000534e-01,5.069399999999999462e-01,3.474900000000000211e-01,5.765599999999999614e-01,1.000000000000000000e+00,0.000000000000000000e+00
1.000000000000000000e+00,0.000000000000000000e+00,3.283400000000000207e-01,2.520000000000000018e-02,1.523599999999999954e-01,2.707800000000000207e-01,1.491899999999999893e-01,7.400299999999999656e-01,2.570600000000000107e-01,9.232399999999999496e-01,1.031200000000000033e-01,1.938000000000000000e-01,6.135199999999999543e-01,2.578599999999999781e-01,9.405299999999999772e-01,5.408999999999999919e-02,1.311700000000000088e-01,1.451399999999999912e-01,3.031499999999999750e-01,4.461499999999999910e-01,1.140899999999999970e-01,8.559700000000000086e-01,2.667999999999999886e-02,2.762200000000000211e-01,2.794200000000000017e-01,8.230999999999999428e-02,3.373700000000000032e-01,1.187600000000000044e-01,2.765699999999999825e-01,1.140899999999999970e-01,1.507799999999999974e-01,1.732100000000000029e-01,1.219699999999999951e-01,2.046800000000000008e-01,1.000000000000000000e+00,0.000000000000000000e+00
1.000000000000000000e+00,0.000000000000000000e+00,8.342699999999999561e-01,3.912100000000000022e-01,5.403999999999999915e-01,1.000000000000000000e+00,1.232599999999999946e-01,8.940200000000000369e-01,3.322100000000000053e-01,8.357799999999999674e-01,7.008600000000000385e-01,5.956399999999999473e-01,8.662199999999999900e-01,2.190900000000000070e-01,8.444199999999999484e-01,2.416399999999999937e-01,5.971400000000000041e-01,6.269500000000000073e-01,1.935399999999999898e-01,8.778700000000000392e-01,1.243900000000000006e-01,8.906399999999999872e-01,5.110900000000000443e-01,8.783199999999999896e-01,7.914299999999999669e-01,3.626199999999999979e-01,8.300800000000000400e-01,8.717999999999999361e-02,6.659199999999999564e-01,4.907900000000000040e-01,3.754199999999999759e-01,9.120300000000000074e-01,3.982999999999999735e-02,7.944400000000000350e-01,1.000000000000000000e+00,0.000000000000000000e+00
1.000000000000000000e+00,0.000000000000000000e+00,6.233499999999999597e-01,3.490000000000000047e-02,5.908499999999999863e-01,6.119999999999999572e-03,6.040900000000000158e-01,7.460999999999999577e-02,6.317700000000000538e-01,9.629999999999999671e-03,6.245500000000000496e-01,7.460999999999999577e-02,6.702799999999999869e-01,7.220000000000000029e-02,6.293600000000000305e-01,8.423999999999999544e-02,6.750899999999999679e-01,9.264000000000000012e-02,6.714799999999999658e-01,0.000000000000000000e+00,5.896500000000000075e-01,1.010800000000000032e-01,5.006000000000000449e-01,3.792999999999999844e-02,6.594499999999999806e-01,1.840799999999999936e-01,6.046300000000000008e-01,2.018999999999999961e-02,5.138399999999999634e-01,4.451999999999999708e-02,6.173300000000000454e-01,1.254000000000000080e-02,6.137200000000000433e-01,9.145999999999999963e-02,1.000000000000000000e+00,0.000000000000000000e+00
1.000000000000000000e+00,0.000000000000000000e+00,7.444899999999999851e-01,2.390000000000000110e-02,7.077200000000000157e-01,4.211000000000000160e-02,7.224300000000000166e-01,1.691199999999999926e-01,7.922799999999999843e-01,7.721000000000000085e-02,8.143399999999999528e-01,4.393400000000000083e-01,6.378700000000000481e-01,5.510000000000000141e-03,7.077200000000000157e-01,2.169099999999999917e-01,1.000000000000000000e+00,6.144999999999999768e-02,6.102899999999999991e-01,5.147000000000000186e-02,6.746299999999999519e-01,4.227999999999999814e-02,5.202200000000000157e-01,3.030599999999999961e-01,7.297799999999999843e-01,2.066999999999999948e-01,6.172699999999999854e-01,7.123999999999999777e-02,3.088199999999999834e-01,8.640000000000000457e-02,5.591599999999999904e-01,9.715000000000000024e-02,6.029400000000000315e-01,2.169099999999999917e-01,1.000000000000000000e+00,0.000000000000000000e+00
1.000000000000000000e+00,0.000000000000000000e+00,6.153800000000000381e-01,1.892300000000000093e-01,7.815699999999999870e-01,2.264999999999999999e-02,7.748599999999999932e-01,2.647000000000000047e-02,6.507699999999999596e-01,1.030800000000000050e-01,7.753799999999999581e-01,8.000000000000000167e-02,7.396099999999999897e-01,5.059999999999999915e-02,7.232199999999999740e-01,5.775999999999999884e-02,6.861500000000000377e-01,9.038999999999999813e-02,6.169200000000000239e-01,1.630800000000000027e-01,6.623299999999999743e-01,7.573000000000000564e-02,6.387800000000000145e-01,9.747999999999999721e-02,6.015399999999999636e-01,9.454999999999999516e-02,5.880300000000000527e-01,8.766999999999999793e-02,5.507699999999999818e-01,2.569199999999999817e-01,5.338899999999999757e-01,1.199400000000000049e-01,5.060900000000000398e-01,9.321999999999999731e-02,1.000000000000000000e+00,0.000000000000000000e+00
1.000000000000000000e+00,0.000000000000000000e+00,6.831700000000000550e-01,5.374999999999999917e-02,8.480299999999999505e-01,2.569999999999999802e-03,8.434099999999999930e-01,3.010000000000000089e-03,8.429999999999999716e-01,9.901000000000000079e-02,7.581299999999999706e-01,4.102000000000000091e-02,8.189199999999999813e-01,5.850000000000000165e-03,8.073799999999999866e-01,6.729999999999999871e-03,8.062200000000000477e-01,1.260799999999999976e-01,7.793499999999999872e-01,3.536000000000000254e-02,7.636500000000000510e-01,9.090000000000000857e-03,7.463499999999999579e-01,1.186000000000000075e-02,7.963200000000000278e-01,5.548000000000000154e-02,7.082399999999999807e-01,1.095999999999999926e-02,6.223499999999999588e-01,1.159799999999999998e-01,6.662400000000000544e-01,1.549999999999999989e-02,6.440700000000000314e-01,1.226999999999999966e-02,1.000000000000000000e+00,0.000000000000000000e+00
1.000000000000000000e+00,0.000000000000000000e+00,5.000000000000000000e-01,0.000000000000000000e+00,3.869600000000000262e-01,1.328000000000000014e-01,4.913000000000000145e-01,6.522000000000000020e-02,4.695699999999999874e-01,3.912999999999999812e-02,3.565200000000000036e-01,1.260900000000000076e-01,4.565199999999999814e-01,4.782999999999999752e-02,5.043499999999999650e-01,2.608999999999999861e-02,3.565200000000000036e-01,1.981799999999999951e-01,4.217400000000000038e-01,1.478299999999999892e-01,4.217400000000000038e-01,2.608999999999999861e-02,3.217400000000000260e-01,1.370300000000000129e-01,4.739099999999999979e-01,1.137999999999999949e-02,4.178899999999999837e-01,6.908000000000000251e-02,3.869600000000000262e-01,3.912999999999999812e-02,3.521699999999999831e-01,1.925800000000000012e-01,4.478300000000000058e-01,1.739100000000000090e-01,1.000000000000000000e+00,0.000000000000000000e+00
1.000000000000000000e+00,0.000000000000000000e+00,7.983000000000000096e-01,9.417000000000000370e-02,7.812900000000000400e-01,2.628699999999999926e-01,7.162800000000000278e-01,2.806799999999999851e-01,6.932000000000000384e-01,4.125199999999999978e-01,6.591700000000000337e-01,5.012199999999999989e-01,5.789800000000000502e-01,6.081400000000000139e-01,4.920999999999999819e-01,5.844500000000000250e-01,3.335400000000000031e-01,6.873899999999999455e-01,2.958700000000000219e-01,6.354800000000000448e-01,9.599000000000000588e-02,6.810399999999999787e-01,2.066000000000000128e-02,8.756699999999999484e-01,8.748000000000000220e-02,8.261199999999999655e-01,1.192499999999999949e-01,6.069600000000000550e-01,1.822600000000000053e-01,5.601500000000000368e-01,2.551599999999999979e-01,6.735100000000000531e-01,2.733900000000000219e-01,4.246699999999999919e-01,1.000000000000000000e+00,0.000000000000000000e+00
1.000000000000000000e+00,0.000000000000000000e+00,1.000000000000000000e+00,9.801999999999999602e-02,1.000000000000000000e+00,3.194400000000000017e-01,9.838999999999999968e-01,3.304400000000000115e-01,8.036499999999999755e-01,5.302000000000000046e-01,7.497700000000000475e-01,6.029700000000000060e-01,5.693700000000000427e-01,7.194199999999999484e-01,5.531099999999999905e-01,7.407899999999999485e-01,2.945200000000000040e-01,8.325700000000000323e-01,2.113700000000000023e-01,7.977699999999999791e-01,9.708999999999999575e-02,8.216200000000000170e-01,1.734000000000000125e-02,9.682199999999999696e-01,1.514399999999999913e-01,9.884199999999999653e-01,2.283900000000000097e-01,6.918699999999999850e-01,3.171300000000000230e-01,6.094800000000000217e-01,4.029099999999999904e-01,7.102500000000000480e-01,4.281499999999999750e-01,4.453400000000000136e-01,1.000000000000000000e+00,0.000000000000000000e+00
1.000000000000000000e+00,0.000000000000000000e+00,8.941000000000000059e-01,1.342500000000000082e-01,8.700099999999999500e-01,4.014199999999999990e-01,7.889599999999999946e-01,4.338799999999999879e-01,6.338799999999999990e-01,5.997500000000000053e-01,5.400300000000000100e-01,7.101600000000000135e-01,3.969900000000000095e-01,7.616100000000000092e-01,2.426599999999999868e-01,7.952299999999999924e-01,9.134000000000000452e-02,8.062799999999999967e-01,9.159000000000000474e-02,7.626100000000000101e-01,2.020099999999999951e-01,6.692599999999999660e-01,3.026300000000000101e-01,7.589799999999999880e-01,4.055199999999999916e-01,6.601399999999999491e-01,4.621500000000000052e-01,4.075300000000000034e-01,5.031400000000000317e-01,2.725199999999999845e-01,5.282299999999999773e-01,2.497499999999999998e-01,4.880800000000000138e-01,5.972000000000000225e-02,1.000000000000000000e+00,0.000000000000000000e+00
1.000000000000000000e+00,0.000000000000000000e+00,9.463099999999999845e-01,1.749799999999999967e-01,9.094600000000000461e-01,4.217799999999999883e-01,8.509600000000000497e-01,4.995999999999999885e-01,7.367799999999999905e-01,6.384199999999999875e-01,5.921499999999999542e-01,7.383800000000000363e-01,4.869800000000000240e-01,8.361399999999999944e-01,3.045900000000000274e-01,9.066499999999999559e-01,1.795899999999999996e-01,9.463799999999999990e-01,7.009999999999999738e-03,9.310899999999999732e-01,1.887999999999999956e-01,8.938300000000000134e-01,3.302300000000000235e-01,1.000000000000000000e+00,4.653399999999999759e-01,1.000000000000000000e+00,5.856299999999999839e-01,6.633499999999999952e-01,6.792899999999999494e-01,5.256399999999999961e-01,7.532100000000000461e-01,5.534900000000000375e-01,8.121000000000000441e-01,2.609199999999999853e-01,1.000000000000000000e+00,0.000000000000000000e+00
1.000000000000000000e+00,0.000000000000000000e+00,9.176699999999999857e-01,1.819800000000000029e-01,8.608999999999999986e-01,4.523199999999999998e-01,7.287299999999999889e-01,4.574699999999999878e-01,6.042499999999999538e-01,6.986499999999999932e-01,5.037599999999999856e-01,7.492199999999999971e-01,3.609999999999999876e-01,8.179499999999999549e-01,1.566400000000000015e-01,8.355799999999999894e-01,3.959999999999999978e-03,8.631299999999999528e-01,1.638999999999999901e-01,7.785300000000000553e-01,3.599600000000000022e-01,7.619299999999999962e-01,4.308699999999999752e-01,7.926199999999999912e-01,5.313999999999999835e-01,7.045599999999999641e-01,6.032800000000000384e-01,4.097199999999999731e-01,6.451099999999999612e-01,2.733800000000000119e-01,6.571000000000000174e-01,1.780400000000000038e-01,6.405600000000000183e-01,5.394000000000000183e-02,1.000000000000000000e+00,0.000000000000000000e+00
1.000000000000000000e+00,0.000000000000000000e+00,7.662700000000000067e-01,2.110599999999999976e-01,6.393499999999999739e-01,4.850200000000000067e-01,4.840900000000000203e-01,5.250000000000000222e-01,1.499999999999999944e-01,2.227300000000000113e-01,1.375300000000000133e-01,5.956500000000000128e-01,7.727000000000000535e-02,4.454500000000000126e-01,0.000000000000000000e+00,4.863600000000000145e-01,2.749099999999999877e-01,4.255800000000000138e-01,5.613599999999999701e-01,3.681800000000000073e-01,3.659100000000000130e-01,1.886400000000000021e-01,4.053300000000000236e-01,9.198000000000000620e-02,3.848300000000000054e-01,4.222000000000000058e-02,3.394199999999999995e-01,1.248599999999999988e-01,2.753999999999999782e-01,1.971400000000000097e-01,1.996199999999999919e-01,3.210899999999999865e-01,1.189400000000000041e-01,2.721799999999999775e-01,1.000000000000000000e+00,0.000000000000000000e+00
1.000000000000000000e+00,0.000000000000000000e+00,5.894000000000000350e-01,6.092699999999999783e-01,8.542999999999999483e-01,7.037200000000000122e-01,8.112599999999999811e-01,7.284999999999999809e-02,5.662300000000000111e-01,1.622500000000000053e-01,3.278099999999999903e-01,2.417199999999999904e-01,5.033100000000000351e-01,1.225200000000000039e-01,6.390700000000000269e-01,1.986799999999999955e-01,7.185399999999999565e-01,4.326800000000000090e-01,5.430500000000000327e-01,1.390699999999999992e-01,6.523200000000000109e-01,2.781500000000000083e-01,6.887400000000000189e-01,8.830999999999999961e-02,5.187199999999999589e-01,3.484900000000000220e-01,4.901300000000000101e-01,2.768700000000000050e-01,4.621600000000000152e-01,2.857399999999999940e-01,4.348400000000000043e-01,3.820000000000000062e-01,4.082100000000000173e-01,2.994200000000000195e-01,1.000000000000000000e+00,0.000000000000000000e+00
1.000000000000000000e+00,0.000000000000000000e+00,1.000000000000000000e+00,1.138500000000000068e-01,7.001899999999999791e-01,1.545499999999999929e-01,8.159399999999999986e-01,9.676999999999999491e-02,7.115700000000000358e-01,1.139000000000000082e-02,5.616700000000000026e-01,7.779999999999999416e-02,6.906999999999999806e-01,1.252399999999999902e-01,5.863399999999999723e-01,3.984999999999999654e-02,5.313099999999999490e-01,3.459999999999999881e-02,6.945000000000000062e-01,1.688800000000000023e-01,7.267599999999999616e-01,7.210999999999999355e-02,3.206800000000000206e-01,7.130000000000000226e-02,5.332099999999999618e-01,4.887599999999999723e-01,4.909000000000000030e-01,1.795100000000000029e-01,1.517999999999999905e-01,3.244799999999999907e-01,4.414100000000000246e-01,2.461699999999999999e-01,5.616700000000000026e-01,1.517999999999999905e-01,1.000000000000000000e+00,0.000000000000000000e+00
1.000000000000000000e+00,0.000000000000000000e+00,8.484300000000000175e-01,6.794000000000000039e-02,8.056200000000000028e-01,2.926000000000000129e-02,7.703100000000000502e-01,3.298999999999999849e-02,6.672500000000000098e-01,6.619999999999999496e-02,5.958200000000000163e-01,7.666000000000000592e-02,6.725999999999999757e-01,5.770999999999999741e-02,6.425999999999999490e-01,6.438000000000000667e-02,3.919900000000000051e-01,4.589000000000000024e-02,7.125399999999999512e-01,1.393999999999999927e-02,5.596999999999999753e-01,8.039000000000000312e-02,5.342999999999999972e-01,1.024700000000000055e-01,4.703800000000000203e-01,2.983999999999999986e-01,4.865900000000000225e-01,9.128000000000000003e-02,5.261299999999999866e-01,8.537000000000000144e-02,4.427699999999999969e-01,1.253299999999999970e-01,4.222299999999999942e-01,9.808000000000000052e-02,1.000000000000000000e+00,0.000000000000000000e+00
1.000000000000000000e+00,0.000000000000000000e+00,1.000000000000000000e+00,8.013000000000000678e-02,9.677499999999999991e-01,6.130000000000000032e-03,9.668299999999999672e-01,7.219999999999999855e-03,8.798000000000000265e-01,3.923000000000000098e-02,1.000000000000000000e+00,1.418999999999999949e-02,9.618600000000000483e-01,1.435999999999999950e-02,9.594700000000000450e-01,1.670999999999999916e-02,9.849700000000000122e-01,1.014999999999999930e-02,9.115199999999999969e-01,8.848000000000000309e-02,9.501600000000000046e-01,2.364000000000000129e-02,9.463599999999999790e-01,3.141000000000000042e-02,9.816399999999999570e-01,2.619000000000000147e-02,9.377199999999999980e-01,3.033999999999999891e-02,1.000000000000000000e+00,5.843000000000000277e-02,9.277400000000000091e-01,4.513000000000000345e-02,9.222599999999999687e-01,3.672999999999999876e-02,1.000000000000000000e+00,0.000000000000000000e+00
1.000000000000000000e+00,0.000000000000000000e+00,4.793799999999999728e-01,1.237100000000000005e-01,4.278399999999999981e-01,1.574299999999999866e-01,7.010300000000000420e-01,3.917499999999999871e-01,7.319600000000000550e-01,7.216000000000000192e-02,2.628900000000000126e-01,2.164899999999999880e-01,4.948500000000000121e-01,1.597899999999999876e-01,4.536100000000000132e-01,1.185599999999999987e-01,4.226800000000000002e-01,6.265999999999999348e-02,5.000000000000000000e-01,2.731999999999999984e-01,5.463900000000000423e-01,1.855700000000000127e-01,4.226800000000000002e-01,9.997000000000000330e-02,7.061899999999999844e-01,2.561100000000000043e-01,5.339599999999999902e-01,1.244699999999999973e-01,1.546399999999999997e-01,2.628900000000000126e-01,4.742299999999999849e-01,5.371999999999999692e-02,4.536100000000000132e-01,5.154600000000000293e-01,1.000000000000000000e+00,0.000000000000000000e+00
1.000000000000000000e+00,0.000000000000000000e+00,6.350999999999999979e-01,4.388000000000000234e-02,7.652999999999999803e-01,3.776999999999999802e-02,6.143199999999999772e-01,3.602799999999999891e-01,6.535800000000000498e-01,4.619999999999999975e-03,6.420299999999999896e-01,8.314000000000000556e-02,7.944600000000000550e-01,4.341800000000000104e-01,7.251699999999999813e-01,5.496499999999999719e-01,5.958400000000000363e-01,1.403600000000000125e-01,6.350999999999999979e-01,2.194000000000000117e-01,6.327899999999999636e-01,2.540399999999999880e-01,7.095099999999999740e-01,1.861899999999999944e-01,6.466499999999999471e-01,3.019700000000000162e-01,6.877499999999999725e-01,1.770400000000000029e-01,6.166300000000000114e-01,7.620999999999999996e-02,6.631599999999999717e-01,2.584699999999999775e-01,6.905299999999999772e-01,3.672099999999999809e-01,1.000000000000000000e+00,0.000000000000000000e+00
1.000000000000000000e+00,0.000000000000000000e+00,5.011200000000000099e-01,3.595999999999999891e-02,6.112400000000000055e-01,1.714999999999999858e-02,5.887599999999999500e-01,1.573000000000000093e-02,5.887599999999999500e-01,2.471999999999999892e-02,6.674200000000000133e-01,4.490000000000000067e-03,7.168499999999999872e-01,4.719000000000000278e-02,6.651700000000000390e-01,8.989999999999999727e-03,5.730300000000000393e-01,2.503999999999999976e-02,6.471900000000000430e-01,7.416000000000000369e-02,5.685400000000000453e-01,1.415700000000000014e-01,5.752800000000000136e-01,4.358999999999999680e-02,4.651699999999999724e-01,6.464000000000000301e-02,5.658800000000000496e-01,8.240000000000000796e-03,4.763999999999999901e-01,3.595999999999999891e-02,5.460700000000000554e-01,1.375899999999999901e-01,6.067399999999999460e-01,8.089999999999999969e-02,1.000000000000000000e+00,0.000000000000000000e+00
1.000000000000000000e+00,0.000000000000000000e+00,7.152100000000000124e-01,6.470000000000000057e-03,6.666699999999999848e-01,5.353999999999999732e-02,6.310700000000000198e-01,5.177999999999999964e-02,7.799399999999999666e-01,8.090999999999999581e-02,6.731399999999999606e-01,9.708999999999999575e-02,6.472499999999999920e-01,1.585799999999999987e-01,6.019400000000000306e-01,1.941999999999999976e-02,5.436900000000000066e-01,4.590000000000000330e-02,4.692600000000000104e-01,1.003200000000000064e-01,6.472499999999999920e-01,1.488700000000000023e-01,3.915899999999999936e-01,2.628499999999999726e-01,5.242700000000000138e-01,7.194000000000000394e-02,4.510500000000000065e-01,4.000000000000000192e-04,3.139199999999999768e-01,6.796000000000000651e-02,4.919100000000000139e-01,1.391300000000000037e-01,3.042099999999999804e-01,5.177999999999999964e-02,1.000000000000000000e+00,0.000000000000000000e+00
1.000000000000000000e+00,0.000000000000000000e+00,6.814799999999999747e-01,1.037000000000000005e-01,7.703699999999999992e-01,4.399000000000000132e-02,6.518500000000000405e-01,8.147999999999999687e-02,6.098799999999999777e-01,4.939999999999999947e-03,7.901200000000000445e-01,1.185200000000000004e-01,5.975300000000000056e-01,4.938000000000000028e-02,6.246899999999999675e-01,9.629999999999999671e-02,7.827199999999999713e-01,1.775799999999999879e-01,7.382699999999999818e-01,1.086400000000000005e-01,4.864200000000000190e-01,9.879999999999999893e-03,6.098799999999999777e-01,9.876999999999999669e-02,6.666699999999999848e-01,1.678800000000000014e-01,6.377300000000000191e-01,2.451000000000000054e-02,7.654300000000000548e-01,2.222000000000000017e-02,6.123499999999999499e-01,9.327000000000000568e-02,5.135800000000000365e-01,4.691000000000000031e-02,1.000000000000000000e+00,0.000000000000000000e+00
1.000000000000000000e+00,0.000000000000000000e+00,6.067799999999999860e-01,2.711999999999999827e-02,6.711899999999999533e-01,5.176999999999999658e-02,5.288100000000000023e-01,4.406999999999999806e-02,5.050799999999999734e-01,3.728999999999999676e-02,7.050800000000000400e-01,7.796999999999999764e-02,5.796599999999999531e-01,2.034000000000000044e-02,5.322000000000000064e-01,7.796999999999999764e-02,6.406800000000000272e-01,1.201799999999999952e-01,5.694900000000000517e-01,2.373000000000000109e-02,5.322000000000000064e-01,6.779999999999999569e-03,7.152500000000000524e-01,4.109000000000000152e-02,5.288100000000000023e-01,4.431999999999999829e-02,5.726200000000000179e-01,7.499999999999999722e-03,5.864399999999999613e-01,3.389999999999999784e-03,5.898299999999999654e-01,3.533000000000000029e-02,5.016899999999999693e-01,6.779999999999999916e-02,1.000000000000000000e+00,0.000000000000000000e+00
1.000000000000000000e+00,0.000000000000000000e+00,4.951499999999999790e-01,9.708999999999999575e-02,2.961199999999999943e-01,7.413000000000000145e-02,3.495099999999999874e-01,0.000000000000000000e+00,5.728199999999999958e-01,2.426999999999999991e-02,5.825200000000000378e-01,2.426999999999999991e-02,3.349500000000000255e-01,4.853999999999999981e-02,5.242700000000000138e-01,4.850000000000000144e-03,4.708700000000000108e-01,1.081799999999999984e-01,4.320399999999999796e-01,4.850000000000000144e-03,3.495099999999999874e-01,5.825000000000000316e-02,1.893199999999999883e-01,3.118799999999999906e-01,3.106800000000000117e-01,1.967700000000000005e-01,3.654700000000000171e-01,3.815000000000000335e-02,3.931999999999999940e-01,1.747599999999999987e-01,2.621399999999999841e-01,0.000000000000000000e+00,3.737900000000000111e-01,1.941999999999999976e-02,1.000000000000000000e+00,0.000000000000000000e+00
1.000000000000000000e+00,0.000000000000000000e+00,9.882199999999999873e-01,2.187000000000000055e-02,9.310199999999999587e-01,4.339600000000000124e-01,8.390400000000000080e-01,3.522199999999999775e-01,7.470599999999999463e-01,4.890599999999999947e-01,7.358400000000000496e-01,5.187899999999999734e-01,5.507600000000000273e-01,6.017900000000000471e-01,4.313000000000000167e-01,6.623700000000000143e-01,3.180000000000000049e-01,7.135500000000000176e-01,2.837899999999999867e-01,6.887299999999999534e-01,7.514999999999999458e-02,7.369599999999999485e-01,6.338000000000000578e-02,8.641299999999999537e-01,1.648900000000000088e-01,9.115100000000000424e-01,1.655600000000000127e-01,6.050999999999999712e-01,1.620900000000000118e-01,5.580500000000000460e-01,3.471699999999999786e-01,5.757299999999999640e-01,3.348300000000000165e-01,3.746499999999999830e-01,1.000000000000000000e+00,0.000000000000000000e+00
1.000000000000000000e+00,0.000000000000000000e+00,9.790499999999999758e-01,1.580999999999999905e-01,9.011200000000000321e-01,4.484299999999999953e-01,8.203899999999999526e-01,4.856099999999999861e-01,7.176000000000000156e-01,6.488800000000000123e-01,5.882699999999999596e-01,7.374300000000000299e-01,4.034900000000000153e-01,8.315599999999999659e-01,2.514000000000000123e-01,8.480400000000000160e-01,4.700000000000000011e-02,8.658200000000000340e-01,1.219299999999999967e-01,7.974900000000000322e-01,2.617999999999999772e-01,8.075400000000000356e-01,3.783500000000000196e-01,8.688799999999999857e-01,5.103400000000000158e-01,7.625800000000000356e-01,5.758699999999999930e-01,4.603999999999999759e-01,6.189900000000000402e-01,3.079600000000000115e-01,6.575400000000000134e-01,2.389799999999999980e-01,6.413400000000000212e-01,2.968000000000000152e-02,1.000000000000000000e+00,0.000000000000000000e+00
1.000000000000000000e+00,0.000000000000000000e+00,9.970099999999999518e-01,2.167699999999999905e-01,9.196600000000000330e-01,5.985099999999999865e-01,7.690200000000000369e-01,6.241499999999999826e-01,5.331200000000000383e-01,7.812000000000000055e-01,3.677400000000000113e-01,8.829099999999999726e-01,1.010699999999999932e-01,8.331199999999999717e-01,6.826999999999999735e-02,8.927399999999999780e-01,2.826899999999999968e-01,7.300600000000000422e-01,4.370700000000000141e-01,6.168799999999999839e-01,5.576900000000000190e-01,4.812000000000000166e-01,6.500000000000000222e-01,4.307599999999999763e-01,6.465800000000000436e-01,2.079999999999999905e-01,6.665100000000000469e-01,2.276999999999999857e-02,6.487199999999999633e-01,1.346199999999999897e-01,5.461500000000000243e-01,2.989600000000000035e-01,4.720099999999999851e-01,3.503200000000000203e-01,1.000000000000000000e+00,0.000000000000000000e+00
1.000000000000000000e+00,0.000000000000000000e+00,9.433099999999999818e-01,1.995899999999999896e-01,9.613199999999999523e-01,5.192600000000000549e-01,8.051399999999999668e-01,5.656900000000000261e-01,5.668699999999999850e-01,7.083000000000000407e-01,4.183600000000000096e-01,8.323000000000000398e-01,1.493899999999999950e-01,8.948899999999999633e-01,5.167000000000000065e-02,9.368199999999999861e-01,2.474200000000000010e-01,8.502600000000000158e-01,4.281099999999999905e-01,7.555399999999999894e-01,5.025100000000000122e-01,6.256300000000000194e-01,6.551500000000000101e-01,6.113100000000000200e-01,6.885099999999999554e-01,4.041699999999999737e-01,7.709700000000000442e-01,1.561899999999999955e-01,7.540599999999999525e-01,4.399000000000000132e-02,7.519900000000000473e-01,2.334600000000000009e-01,6.693200000000000260e-01,3.436699999999999755e-01,1.000000000000000000e+00,0.000000000000000000e+00
1.000000000000000000e+00,0.000000000000000000e+00,9.397199999999999998e-01,2.808200000000000141e-01,8.048600000000000199e-01,6.722000000000000197e-01,5.816700000000000204e-01,7.315099999999999936e-01,3.496099999999999763e-01,8.051099999999999923e-01,1.079699999999999965e-01,9.040300000000000002e-01,2.001499999999999946e-01,8.933499999999999774e-01,3.972999999999999865e-01,8.216299999999999715e-01,5.883500000000000396e-01,6.368099999999999872e-01,7.630500000000000060e-01,4.036799999999999833e-01,8.126200000000000090e-01,1.888799999999999923e-01,8.131699999999999484e-01,5.192999999999999700e-02,7.527300000000000102e-01,3.514900000000000246e-01,6.323699999999999877e-01,4.643800000000000150e-01,4.642200000000000215e-01,6.144600000000000062e-01,2.638900000000000134e-01,9.227600000000000247e-01,8.937000000000000499e-02,7.127299999999999747e-01,1.000000000000000000e+00,0.000000000000000000e+00
1.000000000000000000e+00,0.000000000000000000e+00,8.983499999999999819e-01,3.515699999999999936e-01,6.733299999999999841e-01,7.919800000000000173e-01,4.389799999999999813e-01,9.435299999999999798e-01,3.642999999999999711e-02,8.051000000000000378e-01,2.283799999999999997e-01,7.533400000000000096e-01,2.513699999999999823e-01,4.881599999999999828e-01,5.737700000000000022e-01,2.841500000000000137e-01,6.674999999999999822e-01,1.072800000000000004e-01,4.735900000000000110e-01,6.192999999999999894e-02,8.105599999999999472e-01,6.010999999999999677e-02,3.319699999999999873e-01,5.769300000000000539e-01,1.289700000000000013e-01,7.010800000000000365e-01,7.158000000000000473e-02,5.192499999999999893e-01,2.432100000000000095e-01,4.347799999999999998e-01,3.658600000000000185e-01,3.915500000000000091e-01,4.280499999999999861e-01,1.329700000000000049e-01,1.000000000000000000e+00,0.000000000000000000e+00
1.000000000000000000e+00,0.000000000000000000e+00,2.907299999999999884e-01,1.002500000000000058e-01,2.330800000000000094e-01,2.200699999999999878e-01,3.758999999999999841e-02,3.433599999999999985e-01,1.203000000000000042e-01,2.631600000000000050e-01,6.265999999999999348e-02,2.130299999999999971e-01,4.725000000000000033e-02,1.276700000000000057e-01,6.332999999999999741e-02,7.907000000000000139e-02,6.328000000000000291e-02,4.150000000000000216e-02,5.430999999999999717e-02,1.408000000000000050e-02,4.166000000000000258e-02,2.799999999999999972e-03,2.876000000000000084e-02,1.426000000000000011e-02,1.754999999999999963e-02,1.967999999999999958e-02,8.859999999999999820e-03,1.474999999999999922e-02,2.799999999999999972e-03,1.250000000000000069e-02,9.600000000000000243e-04,1.234999999999999987e-02,2.899999999999999800e-03,6.470000000000000057e-03,1.000000000000000000e+00,0.000000000000000000e+00
1.000000000000000000e+00,0.000000000000000000e+00,5.845900000000000540e-01,3.552600000000000202e-01,1.000000000000000000e+00,4.497099999999999986e-01,7.537599999999999856e-01,5.640000000000000048e-03,8.251899999999999791e-01,1.936100000000000043e-01,5.018799999999999928e-01,2.763200000000000101e-01,6.597699999999999676e-01,6.390999999999999459e-02,6.973700000000000454e-01,1.466200000000000003e-01,7.236799999999999899e-01,4.322099999999999831e-01,7.612799999999999567e-01,4.510999999999999732e-02,6.691700000000000426e-01,2.048899999999999888e-01,8.477400000000000491e-01,4.967400000000000149e-01,6.484999999999999654e-01,6.144000000000000156e-02,5.683599999999999763e-01,1.057099999999999984e-01,5.282000000000000028e-01,1.334599999999999953e-01,1.560199999999999920e-01,1.591599999999999959e-01,4.476700000000000124e-01,1.030900000000000011e-01,1.000000000000000000e+00,0.000000000000000000e+00
1.000000000000000000e+00,0.000000000000000000e+00,8.360899999999999999e-01,1.321499999999999897e-01,7.217099999999999627e-01,7.710999999999999799e-02,6.582900000000000418e-01,8.315000000000000169e-02,2.388800000000000090e-01,1.296100000000000030e-01,4.383699999999999819e-01,2.033000000000000085e-01,4.941800000000000082e-01,1.268600000000000005e-01,4.474699999999999789e-01,1.350699999999999956e-01,2.935200000000000031e-01,2.960000000000000131e-02,4.815800000000000081e-01,1.575600000000000056e-01,3.283499999999999752e-01,1.461600000000000121e-01,2.949499999999999900e-01,1.774499999999999966e-01,2.643599999999999839e-01,1.899800000000000100e-01,2.364100000000000090e-01,1.431399999999999895e-01,2.642900000000000249e-01,1.613700000000000134e-01,1.876700000000000035e-01,1.775799999999999879e-01,1.665500000000000036e-01,1.319799999999999862e-01,1.000000000000000000e+00,0.000000000000000000e+00
1.000000000000000000e+00,0.000000000000000000e+00,9.407999999999999696e-01,1.193300000000000055e-01,8.573800000000000310e-01,1.320999999999999952e-02,8.512399999999999967e-01,1.545999999999999978e-02,7.696600000000000108e-01,2.779999999999999919e-03,8.445899999999999519e-01,1.091599999999999931e-01,8.328900000000000192e-01,3.026999999999999830e-02,8.267999999999999794e-01,3.506000000000000089e-02,7.483800000000000452e-01,1.967999999999999958e-02,8.001899999999999569e-01,2.404999999999999846e-02,8.086200000000000054e-01,4.900999999999999801e-02,8.025900000000000256e-01,6.487999999999999323e-02,7.733600000000000474e-01,2.903000000000000025e-02,7.905799999999999494e-01,6.235000000000000264e-02,8.593899999999999872e-01,9.250999999999999501e-02,7.786300000000000443e-01,9.235999999999999766e-02,7.726899999999999880e-01,7.507999999999999396e-02,1.000000000000000000e+00,0.000000000000000000e+00
1.000000000000000000e+00,0.000000000000000000e+00,8.711100000000000509e-01,4.325999999999999984e-02,7.994599999999999485e-01,2.328500000000000014e-01,9.900900000000000256e-01,2.929200000000000137e-01,8.945499999999999563e-01,8.336999999999999966e-02,8.859799999999999898e-01,2.027999999999999942e-02,9.044600000000000417e-01,2.672399999999999776e-01,8.941000000000000059e-01,1.996400000000000119e-01,8.864400000000000057e-01,4.701999999999999930e-02,8.445200000000000484e-01,9.910000000000000406e-03,9.788200000000000234e-01,3.402399999999999869e-01,7.895400000000000196e-01,3.042799999999999949e-01,8.666099999999999914e-01,1.202000000000000013e-01,8.596700000000000452e-01,2.908000000000000168e-02,7.877399999999999958e-01,4.100999999999999784e-02,7.593499999999999694e-01,2.841400000000000037e-01,8.823800000000000532e-01,9.192999999999999783e-02,1.000000000000000000e+00,0.000000000000000000e+00
1.000000000000000000e+00,0.000000000000000000e+00,7.491600000000000481e-01,2.548999999999999877e-02,9.899400000000000421e-01,1.246099999999999985e-01,7.585499999999999465e-01,1.287699999999999956e-01,7.431299999999999573e-01,9.188000000000000334e-02,9.584200000000000497e-01,2.481999999999999831e-02,9.792100000000000248e-01,4.689999999999999725e-03,9.610999999999999543e-01,1.019499999999999990e-01,9.148199999999999665e-01,3.805000000000000049e-02,7.102600000000000025e-01,2.682999999999999968e-02,8.122099999999999875e-01,8.047999999999999599e-02,1.000000000000000000e+00,0.000000000000000000e+00,7.176399999999999446e-01,1.577999999999999889e-02,8.227100000000000524e-01,2.552000000000000102e-02,7.243500000000000494e-01,1.072999999999999995e-02,9.040899999999999492e-01,1.441600000000000104e-01,7.283699999999999619e-01,2.750000000000000014e-02,1.000000000000000000e+00,0.000000000000000000e+00
1.000000000000000000e+00,0.000000000000000000e+00,4.733700000000000130e-01,1.952699999999999991e-01,6.212999999999999773e-02,2.334299999999999986e-01,6.231600000000000472e-01,1.005999999999999950e-02,4.556200000000000250e-01,4.438000000000000278e-02,5.650899999999999812e-01,1.774999999999999842e-02,4.467499999999999805e-01,2.751500000000000057e-01,7.159799999999999498e-01,3.846000000000000113e-02,5.562099999999999822e-01,1.258700000000000097e-01,4.142000000000000126e-01,1.153799999999999965e-01,5.276699999999999724e-01,2.842000000000000082e-02,5.118300000000000072e-01,1.291200000000000125e-01,4.792899999999999938e-01,3.094999999999999835e-02,4.651399999999999979e-01,3.259000000000000091e-02,5.354999999999999760e-01,2.514799999999999813e-01,3.195299999999999807e-01,1.888499999999999901e-01,3.461500000000000132e-01,2.959999999999999958e-03,1.000000000000000000e+00,0.000000000000000000e+00
1.000000000000000000e+00,0.000000000000000000e+00,5.988700000000000134e-01,1.468899999999999928e-01,6.986799999999999677e-01,1.773500000000000076e-01,8.512199999999999767e-01,1.393600000000000116e-01,8.097900000000000098e-01,2.447999999999999829e-02,5.047099999999999920e-01,2.825000000000000080e-02,6.742000000000000215e-01,4.519999999999999712e-02,8.079100000000000170e-01,1.374799999999999911e-01,5.141200000000000214e-01,2.479899999999999882e-01,8.154400000000000537e-01,1.431300000000000072e-01,7.024500000000000188e-01,3.769999999999999914e-03,3.333300000000000152e-01,7.534000000000000419e-02,5.612099999999999866e-01,4.333699999999999775e-01,6.144399999999999862e-01,1.683699999999999919e-01,5.273099999999999454e-01,2.071999999999999884e-02,5.386100000000000332e-01,4.072500000000000009e-01,6.742000000000000215e-01,2.203400000000000081e-01,1.000000000000000000e+00,0.000000000000000000e+00
1.000000000000000000e+00,0.000000000000000000e+00,8.471300000000000496e-01,3.397000000000000020e-02,8.641199999999999992e-01,1.080799999999999955e-01,8.195299999999999807e-01,0.000000000000000000e+00,7.367299999999999960e-01,7.642999999999999794e-02,7.197500000000000009e-01,1.358800000000000008e-01,7.494699999999999696e-01,1.167699999999999988e-01,7.749500000000000277e-01,1.868400000000000061e-01,7.813200000000000145e-01,2.150600000000000012e-01,6.199599999999999556e-01,1.019100000000000006e-01,7.919300000000000228e-01,1.571099999999999997e-01,8.938399999999999679e-01,4.118000000000000133e-02,8.492600000000000149e-01,3.414499999999999758e-01,7.411499999999999755e-01,2.331199999999999939e-01,6.624200000000000088e-01,2.229299999999999893e-01,7.261100000000000332e-01,4.923100000000000254e-01,6.581700000000000328e-01,2.484099999999999919e-01,1.000000000000000000e+00,0.000000000000000000e+00
1.000000000000000000e+00,0.000000000000000000e+00,8.777199999999999447e-01,8.151999999999999524e-02,8.342399999999999816e-01,9.336999999999999467e-02,8.478299999999999725e-01,4.075999999999999762e-02,7.717399999999999816e-01,2.173999999999999891e-02,7.717399999999999816e-01,5.707000000000000267e-02,8.233700000000000463e-01,1.059800000000000048e-01,6.793500000000000094e-01,5.429999999999999931e-03,8.804300000000000459e-01,2.119499999999999995e-01,8.342399999999999816e-01,3.261000000000000010e-02,8.641299999999999537e-01,5.977999999999999980e-02,9.728299999999999725e-01,3.392899999999999805e-01,8.505399999999999627e-01,2.451599999999999890e-01,8.370499999999999607e-01,1.021100000000000063e-01,8.587000000000000188e-01,3.261000000000000010e-02,7.853299999999999725e-01,1.416000000000000036e-01,7.907600000000000184e-01,5.429999999999999931e-03,1.000000000000000000e+00,0.000000000000000000e+00
1.000000000000000000e+00,0.000000000000000000e+00,7.470400000000000373e-01,1.324099999999999999e-01,5.375499999999999723e-01,2.162900000000000100e-01,7.272699999999999720e-01,9.485999999999999988e-02,6.956499999999999906e-01,1.106700000000000045e-01,6.679800000000000182e-01,2.351800000000000002e-01,8.794499999999999540e-01,1.917000000000000093e-01,7.371499999999999719e-01,4.150000000000000216e-02,6.304300000000000459e-01,4.000000000000000083e-03,6.363600000000000367e-01,1.185800000000000048e-01,7.924900000000000277e-01,2.529600000000000182e-01,6.640300000000000091e-01,3.473800000000000221e-01,6.719399999999999817e-01,1.369499999999999884e-01,6.184699999999999642e-01,1.204100000000000031e-01,6.007900000000000462e-01,2.094900000000000095e-01,3.754899999999999904e-01,9.010999999999999566e-02,6.106700000000000461e-01,1.383000000000000028e-02,1.000000000000000000e+00,0.000000000000000000e+00
1.000000000000000000e+00,0.000000000000000000e+00,4.678499999999999881e-01,1.130800000000000000e-01,5.897999999999999909e-01,8.460000000000000506e-03,5.543200000000000349e-01,6.873999999999999555e-02,4.789399999999999769e-01,1.396900000000000086e-01,5.299300000000000122e-01,1.329999999999999932e-02,6.385800000000000365e-01,1.618600000000000039e-01,6.784900000000000375e-01,3.325999999999999790e-02,5.454499999999999904e-01,1.370000000000000107e-01,5.299300000000000122e-01,4.655999999999999722e-02,4.789399999999999769e-01,1.951199999999999879e-01,5.077599999999999891e-01,1.639599999999999946e-01,4.146299999999999986e-01,2.638099999999999890e-01,5.393000000000000016e-01,1.145499999999999990e-01,5.986700000000000355e-01,2.881999999999999840e-02,5.365900000000000114e-01,1.530900000000000039e-01,5.631899999999999684e-01,4.435000000000000053e-02,1.000000000000000000e+00,0.000000000000000000e+00
1.000000000000000000e+00,0.000000000000000000e+00,8.811600000000000543e-01,2.747499999999999942e-01,7.212499999999999467e-01,5.457100000000000284e-01,6.155899999999999705e-01,6.366199999999999637e-01,3.882499999999999840e-01,9.050200000000000466e-01,9.830999999999999461e-02,9.612800000000000233e-01,2.009700000000000097e-01,8.920000000000000151e-01,3.573700000000000210e-01,7.750000000000000222e-01,6.511400000000000521e-01,6.301499999999999879e-01,7.876800000000000468e-01,4.553499999999999770e-01,8.185599999999999543e-01,1.909500000000000086e-01,8.394300000000000095e-01,9.793999999999999928e-02,7.833400000000000363e-01,3.446000000000000174e-01,6.755700000000000038e-01,4.551100000000000145e-01,5.473200000000000287e-01,6.085800000000000098e-01,3.051200000000000023e-01,8.689000000000000057e-01,1.931200000000000139e-01,7.559700000000000308e-01,1.000000000000000000e+00,0.000000000000000000e+00
1.000000000000000000e+00,0.000000000000000000e+00,9.314700000000000202e-01,2.928200000000000247e-01,7.991700000000000470e-01,7.095500000000000140e-01,5.995200000000000529e-01,7.159600000000000408e-01,2.620299999999999851e-01,9.265099999999999447e-01,4.635999999999999843e-02,9.674800000000000066e-01,2.323699999999999932e-01,9.513000000000000345e-01,5.592599999999999794e-01,8.101800000000000113e-01,7.332899999999999974e-01,6.319299999999999917e-01,9.099500000000000366e-01,3.619999999999999885e-01,9.225400000000000267e-01,6.040000000000000230e-02,9.361800000000000122e-01,2.404799999999999993e-01,8.319199999999999928e-01,6.132900000000000018e-01,6.516499999999999515e-01,6.955599999999999561e-01,4.122299999999999853e-01,8.572499999999999565e-01,1.358999999999999930e-01,1.223919999999999897e+00,1.000700000000000062e-01,9.482300000000000173e-01,1.000000000000000000e+00,0.000000000000000000e+00
1.000000000000000000e+00,0.000000000000000000e+00,8.824100000000000277e-01,3.063400000000000012e-01,7.323199999999999710e-01,7.357700000000000351e-01,3.410900000000000043e-01,5.852699999999999569e-01,5.716999999999999860e-02,1.000000000000000000e+00,9.238000000000000378e-02,9.211799999999999988e-01,6.240299999999999736e-01,7.199600000000000444e-01,6.976700000000000124e-01,3.255799999999999805e-01,8.142200000000000548e-01,4.172799999999999843e-01,1.000000000000000000e+00,7.749999999999999944e-03,7.897300000000000431e-01,4.108499999999999930e-01,7.690099999999999714e-01,5.513000000000000123e-01,5.724200000000000399e-01,8.839299999999999935e-01,3.160999999999999921e-01,8.187600000000000433e-01,2.979000000000000051e-02,8.684100000000000152e-01,2.539199999999999791e-01,1.069860000000000033e+00,1.940000000000000101e-03,8.168600000000000305e-01,1.000000000000000000e+00,0.000000000000000000e+00
1.000000000000000000e+00,0.000000000000000000e+00,8.347900000000000320e-01,2.899300000000000210e-01,6.925599999999999534e-01,6.070600000000000440e-01,4.923399999999999999e-01,6.838100000000000289e-01,2.199099999999999944e-01,8.676099999999999923e-01,8.096000000000000418e-02,8.501100000000000323e-01,3.555800000000000072e-01,7.768100000000000005e-01,5.273499999999999854e-01,5.842500000000000471e-01,7.035000000000000142e-01,3.169600000000000195e-01,7.582100000000000506e-01,3.939000000000000140e-02,7.122500000000000497e-01,1.531700000000000006e-01,5.831499999999999462e-01,4.748100000000000098e-01,3.719899999999999873e-01,6.923700000000000410e-01,1.695000000000000118e-01,6.086300000000000043e-01,8.425000000000000544e-02,6.148799999999999821e-01,2.516399999999999748e-01,6.313900000000000068e-01,4.059099999999999930e-01,3.533899999999999819e-01,1.000000000000000000e+00,0.000000000000000000e+00
1.000000000000000000e+00,0.000000000000000000e+00,9.286999999999999700e-01,3.316399999999999904e-01,7.616800000000000237e-01,7.934600000000000541e-01,4.930499999999999883e-01,8.426599999999999646e-01,2.159200000000000008e-01,9.519300000000000539e-01,1.395599999999999896e-01,9.616700000000000248e-01,4.720199999999999951e-01,8.358999999999999764e-01,7.074700000000000433e-01,6.549000000000000377e-01,8.747399999999999620e-01,3.722599999999999798e-01,9.181399999999999562e-01,5.594999999999999973e-02,8.982400000000000384e-01,2.617300000000000182e-01,7.396899999999999586e-01,6.554499999999999771e-01,5.075699999999999656e-01,9.771600000000000286e-01,2.232300000000000118e-01,8.612199999999999855e-01,7.810000000000000275e-02,8.715899999999999759e-01,3.602099999999999747e-01,1.016839999999999966e+00,5.940699999999999870e-01,6.027000000000000135e-01,1.000000000000000000e+00,0.000000000000000000e+00
1.000000000000000000e+00,0.000000000000000000e+00,8.336700000000000221e-01,3.145600000000000063e-01,6.554100000000000481e-01,7.339200000000000168e-01,3.496199999999999863e-01,7.067700000000000093e-01,1.729300000000000004e-01,7.894700000000000051e-01,1.897600000000000120e-01,7.988600000000000145e-01,4.172899999999999943e-01,6.654099999999999460e-01,6.842099999999999849e-01,4.774399999999999755e-01,7.472499999999999698e-01,1.974400000000000044e-01,7.217999999999999972e-01,4.886999999999999678e-02,6.202999999999999625e-01,2.819499999999999784e-01,4.916499999999999759e-01,6.481000000000000094e-01,2.657700000000000062e-01,8.631299999999999528e-01,1.529999999999999936e-02,6.970600000000000129e-01,2.270800000000000041e-01,6.442799999999999638e-01,4.309999999999999942e-01,6.670599999999999863e-01,6.466199999999999726e-01,3.007500000000000173e-01,1.000000000000000000e+00,0.000000000000000000e+00
1.000000000000000000e+00,0.000000000000000000e+00,9.845500000000000362e-01,2.735999999999999890e-02,9.805800000000000072e-01,5.222999999999999865e-02,1.000000000000000000e+00,7.635000000000000120e-02,9.871999999999999664e-01,1.456000000000000003e-02,9.527799999999999603e-01,2.604000000000000065e-02,9.849999999999999867e-01,7.457999999999999352e-02,9.938200000000000367e-01,7.148999999999999799e-02,9.739600000000000479e-01,9.654999999999999694e-02,9.726399999999999491e-01,1.222400000000000014e-01,9.929400000000000448e-01,5.251999999999999724e-02,9.527799999999999603e-01,1.080600000000000033e-01,9.735200000000000520e-01,1.090600000000000042e-01,9.665300000000000002e-01,1.291200000000000125e-01,9.346900000000000208e-01,1.491599999999999870e-01,9.713199999999999612e-01,2.052400000000000058e-01,9.677799999999999736e-01,1.880000000000000004e-01,1.000000000000000000e+00,0.000000000000000000e+00
1.000000000000000000e+00,0.000000000000000000e+00,9.405200000000000227e-01,1.531000000000000069e-02,9.416999999999999815e-01,1.273999999999999959e-02,9.499400000000000066e-01,1.472000000000000045e-02,9.587799999999999656e-01,1.060000000000000005e-02,9.464099999999999735e-01,3.710000000000000103e-02,9.717299999999999827e-01,1.767000000000000168e-02,9.705500000000000238e-01,3.887000000000000177e-02,9.546499999999999986e-01,4.116999999999999826e-02,9.523000000000000353e-01,4.710999999999999910e-02,9.422899999999999610e-01,2.179000000000000034e-02,9.281500000000000306e-01,5.353999999999999732e-02,9.204900000000000304e-01,5.852000000000000257e-02,9.269500000000000517e-01,5.827000000000000235e-02,9.034200000000000008e-01,7.478999999999999537e-02,9.199100000000000055e-01,9.436999999999999555e-02,9.204900000000000304e-01,7.420000000000000207e-02,1.000000000000000000e+00,0.000000000000000000e+00
1.000000000000000000e+00,0.000000000000000000e+00,9.703199999999999603e-01,1.438399999999999956e-01,9.132400000000000517e-01,2.899999999999999800e-03,9.657499999999999973e-01,1.712299999999999933e-01,9.862999999999999545e-01,1.826500000000000068e-01,9.178100000000000147e-01,2.279999999999999909e-03,9.360699999999999577e-01,8.447000000000000342e-02,9.132400000000000517e-01,2.279999999999999909e-03,8.675800000000000178e-01,8.787999999999999978e-02,9.703199999999999603e-01,2.123299999999999910e-01,1.000000000000000000e+00,1.027399999999999980e-01,9.200899999999999634e-01,6.364999999999999825e-02,9.246600000000000374e-01,8.955000000000000460e-02,9.404299999999999882e-01,9.252000000000000501e-02,9.703199999999999603e-01,2.009100000000000052e-01,8.538799999999999724e-01,1.130199999999999955e-01,9.657499999999999973e-01,2.191800000000000137e-01,1.000000000000000000e+00,0.000000000000000000e+00
1.000000000000000000e+00,0.000000000000000000e+00,5.254199999999999982e-01,3.389999999999999958e-02,9.491500000000000492e-01,1.078500000000000014e-01,5.254199999999999982e-01,1.694900000000000018e-01,3.050800000000000178e-01,1.694999999999999979e-02,5.084699999999999775e-01,1.355899999999999883e-01,6.440700000000000314e-01,2.881400000000000072e-01,8.305099999999999705e-01,3.559300000000000241e-01,5.423700000000000188e-01,1.717000000000000123e-02,5.593200000000000394e-01,3.389999999999999958e-02,5.932199999999999696e-01,3.050800000000000178e-01,8.644100000000000117e-01,6.164000000000000035e-02,4.067799999999999749e-01,1.994499999999999884e-01,6.728699999999999681e-01,2.660000000000000038e-03,6.610200000000000520e-01,3.389999999999999958e-02,8.305099999999999705e-01,1.987099999999999977e-01,7.627099999999999991e-01,1.016900000000000026e-01,1.000000000000000000e+00,0.000000000000000000e+00
1.000000000000000000e+00,0.000000000000000000e+00,3.333300000000000152e-01,2.500000000000000000e-01,4.444400000000000017e-01,2.827999999999999958e-01,3.888900000000000134e-01,1.666700000000000126e-01,4.166699999999999848e-01,1.388900000000000134e-01,5.000000000000000000e-01,1.111100000000000004e-01,5.491099999999999870e-01,8.443000000000000504e-02,5.833300000000000152e-01,3.333300000000000152e-01,5.555600000000000538e-01,2.813999999999999835e-02,2.500000000000000000e-01,1.944400000000000017e-01,4.722199999999999731e-01,5.555999999999999828e-02,5.277800000000000269e-01,3.368000000000000160e-02,3.888900000000000134e-01,1.089500000000000052e-01,4.154300000000000215e-01,1.425599999999999923e-01,1.944400000000000017e-01,1.388900000000000134e-01,3.692400000000000126e-01,1.929200000000000081e-01,8.333000000000000129e-02,5.000000000000000000e-01,1.000000000000000000e+00,0.000000000000000000e+00
1.000000000000000000e+00,0.000000000000000000e+00,5.120700000000000252e-01,1.000000000000000000e+00,1.000000000000000000e+00,6.847900000000000098e-01,7.117799999999999683e-01,8.083299999999999930e-01,4.562200000000000144e-01,4.642700000000000160e-01,3.308099999999999929e-01,1.000000000000000000e+00,2.124900000000000122e-01,1.000000000000000000e+00,1.741600000000000092e-01,1.000000000000000000e+00,3.308099999999999929e-01,1.000000000000000000e+00,6.138200000000000323e-01,1.000000000000000000e+00,5.267399999999999860e-01,7.169900000000000162e-01,8.850000000000000089e-01,5.805900000000000505e-01,1.000000000000000000e+00,4.599099999999999855e-01,1.000000000000000000e+00,9.568999999999999728e-02,1.000000000000000000e+00,1.671300000000000008e-01,1.000000000000000000e+00,5.500800000000000134e-01,9.190300000000000136e-01,6.555699999999999861e-01,1.000000000000000000e+00,0.000000000000000000e+00
1.000000000000000000e+00,0.000000000000000000e+00,7.556399999999999784e-01,4.963799999999999879e-01,8.355000000000000204e-01,6.910399999999999876e-01,5.491599999999999815e-01,7.206299999999999928e-01,3.522500000000000075e-01,7.079199999999999937e-01,1.346900000000000042e-01,9.474900000000000544e-01,9.818000000000000338e-02,9.377799999999999470e-01,3.760399999999999854e-01,8.222300000000000164e-01,5.274199999999999999e-01,7.208200000000000163e-01,6.835799999999999654e-01,6.798899999999999944e-01,7.016299999999999759e-01,2.495600000000000041e-01,7.914700000000000069e-01,3.631000000000000200e-02,9.898799999999999821e-01,3.804699999999999749e-01,7.035200000000000342e-01,3.279199999999999893e-01,6.331200000000000161e-01,1.918499999999999928e-01,3.413100000000000023e-01,7.875299999999999523e-01,1.960899999999999865e-01,6.295600000000000085e-01,1.000000000000000000e+00,0.000000000000000000e+00
1.000000000000000000e+00,0.000000000000000000e+00,8.378900000000000237e-01,4.290399999999999769e-01,7.211300000000000487e-01,7.430099999999999483e-01,4.562499999999999889e-01,7.811500000000000110e-01,1.647000000000000131e-01,8.273200000000000554e-01,1.301200000000000134e-01,8.694699999999999651e-01,4.617700000000000138e-01,7.849699999999999456e-01,5.943500000000000449e-01,5.207000000000000517e-01,7.846999999999999531e-01,2.687200000000000144e-01,8.401399999999999979e-01,3.928000000000000241e-02,6.204100000000000170e-01,3.135100000000000109e-01,4.741199999999999859e-01,5.928499999999999881e-01,3.729799999999999782e-01,8.864300000000000512e-01,5.054000000000000159e-02,6.269099999999999673e-01,1.469000000000000028e-01,4.591100000000000181e-01,3.709299999999999820e-01,5.102299999999999613e-01,4.831900000000000084e-01,2.431300000000000128e-01,1.000000000000000000e+00,0.000000000000000000e+00
1.000000000000000000e+00,0.000000000000000000e+00,9.365799999999999681e-01,3.510699999999999932e-01,7.525399999999999867e-01,8.353399999999999714e-01,4.557100000000000040e-01,8.857599999999999918e-01,1.532300000000000051e-01,9.577599999999999447e-01,2.177499999999999991e-01,9.630100000000000326e-01,5.653500000000000192e-01,8.339699999999999891e-01,7.875100000000000433e-01,5.804500000000000215e-01,9.310399999999999787e-01,2.635700000000000265e-01,9.364099999999999646e-01,6.418000000000000094e-02,8.702800000000000535e-01,4.094900000000000206e-01,6.507899999999999796e-01,8.178199999999999914e-01,3.679899999999999838e-01,1.110729999999999995e+00,4.578000000000000125e-02,9.122099999999999653e-01,2.732999999999999874e-01,8.576200000000000490e-01,5.482700000000000351e-01,9.068399999999999794e-01,7.482799999999999452e-01,4.417300000000000115e-01,1.000000000000000000e+00,0.000000000000000000e+00
1.000000000000000000e+00,0.000000000000000000e+00,9.243599999999999595e-01,3.692400000000000126e-01,7.197599999999999554e-01,8.707200000000000495e-01,2.930300000000000127e-01,9.407799999999999496e-01,1.110799999999999982e-01,7.652700000000000058e-01,3.160499999999999976e-01,9.245299999999999629e-01,6.661599999999999744e-01,7.876600000000000268e-01,9.214499999999999913e-01,4.231400000000000161e-01,9.431500000000000439e-01,9.708999999999999575e-02,1.000000000000000000e+00,3.191000000000000086e-02,6.643099999999999561e-01,6.627800000000000358e-01,4.601000000000000090e-01,9.476599999999999469e-01,1.348600000000000076e-01,1.151669999999999972e+00,1.976499999999999924e-01,8.513699999999999601e-01,4.890399999999999747e-01,7.024700000000000388e-01,6.988600000000000367e-01,5.998599999999999488e-01,7.606600000000000028e-01,1.319400000000000017e-01,1.000000000000000000e+00,0.000000000000000000e+00
1.000000000000000000e+00,0.000000000000000000e+00,1.000000000000000000e+00,1.619500000000000106e-01,1.000000000000000000e+00,7.073000000000000120e-02,1.000000000000000000e+00,1.372999999999999915e-02,1.000000000000000000e+00,1.235200000000000048e-01,1.000000000000000000e+00,1.511000000000000017e-02,1.000000000000000000e+00,1.730999999999999900e-02,1.000000000000000000e+00,6.374000000000000499e-02,1.000000000000000000e+00,7.249999999999999500e-02,1.000000000000000000e+00,5.899999999999999689e-02,1.000000000000000000e+00,1.010800000000000032e-01,1.000000000000000000e+00,3.255000000000000254e-02,1.000000000000000000e+00,3.004399999999999848e-01,1.000000000000000000e+00,6.822999999999999898e-02,1.000000000000000000e+00,8.298999999999999433e-02,1.000000000000000000e+00,1.849000000000000088e-01,1.000000000000000000e+00,7.438999999999999779e-02,1.000000000000000000e+00,0.000000000000000000e+00
1.000000000000000000e+00,0.000000000000000000e+00,9.555900000000000505e-01,1.549999999999999946e-03,8.642100000000000337e-01,1.685399999999999954e-01,9.498199999999999976e-01,4.610000000000000382e-03,8.280899999999999928e-01,5.117099999999999982e-01,9.244099999999999540e-01,1.036799999999999944e-01,1.000000000000000000e+00,1.424700000000000133e-01,9.926399999999999668e-01,2.542000000000000162e-02,9.585299999999999931e-01,1.571899999999999964e-01,8.401300000000000434e-01,6.173899999999999944e-01,1.000000000000000000e+00,1.632099999999999940e-01,8.749200000000000310e-01,1.029800000000000021e-01,8.574100000000000055e-01,2.176000000000000156e-02,8.413199999999999568e-01,1.769000000000000086e-02,8.242699999999999472e-01,1.866999999999999910e-02,8.063399999999999457e-01,2.548999999999999877e-02,7.876100000000000323e-01,2.038999999999999840e-02,1.000000000000000000e+00,0.000000000000000000e+00
1.000000000000000000e+00,0.000000000000000000e+00,1.000000000000000000e+00,1.000000000000000000e+00,3.669999999999999929e-01,7.836999999999999522e-02,1.299299999999999899e-01,9.271300000000000097e-01,2.758599999999999941e-01,9.359600000000000142e-01,3.152699999999999947e-01,3.768500000000000183e-01,8.719200000000000284e-01,3.694600000000000106e-01,9.285700000000000065e-01,8.866999999999999882e-02,3.891600000000000059e-01,3.467899999999999872e-01,4.655199999999999894e-01,8.251199999999999646e-01,5.419000000000000206e-02,9.359600000000000142e-01,2.561599999999999988e-01,2.478200000000000125e-01,7.379200000000000204e-01,6.007900000000000462e-01,8.547099999999999698e-01,6.830999999999999572e-02,1.000000000000000000e+00,1.000000000000000000e+00,3.866999999999999882e-01,3.200000000000000153e-03,1.775799999999999879e-01,7.979000000000000536e-01,1.000000000000000000e+00,0.000000000000000000e+00
1.000000000000000000e+00,0.000000000000000000e+00,1.000000000000000000e+00,5.151499999999999968e-01,4.545500000000000096e-01,4.242000000000000215e-01,6.060999999999999721e-02,3.636400000000000188e-01,3.210399999999999920e-01,7.306200000000000472e-01,4.545500000000000096e-01,4.848500000000000032e-01,5.757600000000000495e-01,0.000000000000000000e+00,5.757600000000000495e-01,1.212099999999999983e-01,3.333300000000000152e-01,4.911300000000000110e-01,9.091000000000000469e-02,8.484800000000000120e-01,4.848500000000000032e-01,5.757600000000000495e-01,5.757600000000000495e-01,5.142799999999999594e-01,1.000000000000000000e+00,5.150799999999999823e-01,7.296099999999999808e-01,1.233100000000000029e-01,9.697000000000000064e-01,5.757600000000000495e-01,2.424199999999999966e-01,4.737100000000000199e-01,9.091000000000000469e-02,3.333300000000000152e-01,1.000000000000000000e+00,0.000000000000000000e+00
1.000000000000000000e+00,0.000000000000000000e+00,8.810999999999999943e-01,0.000000000000000000e+00,9.481699999999999573e-01,3.491999999999999965e-02,9.359800000000000342e-01,1.220000000000000077e-02,9.024400000000000199e-01,1.829000000000000070e-02,9.024400000000000199e-01,1.829000000000000070e-02,9.390199999999999658e-01,9.150000000000000147e-03,9.573199999999999488e-01,3.050000000000000194e-03,1.000000000000000000e+00,2.779999999999999832e-02,9.420699999999999630e-01,1.220000000000000077e-02,9.085400000000000142e-01,2.438999999999999849e-02,9.146300000000000541e-01,6.653000000000000580e-02,9.969500000000000028e-01,6.378000000000000336e-02,8.966600000000000126e-01,2.225999999999999854e-02,9.085400000000000142e-01,9.150000000000000147e-03,1.000000000000000000e+00,7.148999999999999799e-02,9.756099999999999772e-01,1.220000000000000077e-02,1.000000000000000000e+00,0.000000000000000000e+00
1.000000000000000000e+00,0.000000000000000000e+00,8.262399999999999745e-01,8.155999999999999361e-02,7.907800000000000384e-01,1.037899999999999934e-01,9.042599999999999527e-01,1.772999999999999923e-02,9.290800000000000169e-01,1.064000000000000015e-02,8.014200000000000212e-01,8.865000000000000657e-02,9.468100000000000405e-01,7.089999999999999948e-03,9.432599999999999874e-01,0.000000000000000000e+00,9.326200000000000045e-01,2.047499999999999876e-01,9.503500000000000281e-01,7.089999999999999948e-03,9.148899999999999810e-01,7.089999999999999948e-03,8.049600000000000088e-01,8.597000000000000475e-02,9.113499999999999934e-01,2.086399999999999921e-01,8.952700000000000102e-01,8.165000000000000036e-02,7.765999999999999570e-01,6.737999999999999545e-02,9.255299999999999638e-01,2.355899999999999939e-01,9.255299999999999638e-01,0.000000000000000000e+00,1.000000000000000000e+00,0.000000000000000000e+00
1.000000000000000000e+00,0.000000000000000000e+00,7.446800000000000086e-01,1.063800000000000023e-01,8.870599999999999596e-01,1.250000000000000069e-02,8.854199999999999848e-01,1.471000000000000085e-02,8.723400000000000043e-01,1.417999999999999990e-02,7.305000000000000382e-01,1.063800000000000023e-01,8.765699999999999603e-01,2.912000000000000005e-02,8.723499999999999588e-01,3.382000000000000284e-02,9.574500000000000233e-01,7.902000000000000690e-02,9.503500000000000281e-01,4.254999999999999755e-02,8.559700000000000086e-01,4.742999999999999994e-02,8.493100000000000094e-01,6.277000000000000635e-02,8.723400000000000043e-01,1.483700000000000019e-01,8.342899999999999761e-01,6.013999999999999901e-02,7.446800000000000086e-01,3.545999999999999847e-02,8.171000000000000485e-01,8.858000000000000596e-02,8.077400000000000135e-01,7.173000000000000209e-02,1.000000000000000000e+00,0.000000000000000000e+00
1.000000000000000000e+00,0.000000000000000000e+00,8.757800000000000029e-01,3.726999999999999758e-02,8.995100000000000318e-01,4.369999999999999753e-03,8.921000000000000041e-01,5.100000000000000366e-03,8.633499999999999508e-01,0.000000000000000000e+00,9.503099999999999881e-01,7.452999999999999903e-02,8.702100000000000390e-01,9.939999999999999183e-03,8.630299999999999638e-01,1.150999999999999940e-02,8.385099999999999776e-01,6.290999999999999370e-02,8.571400000000000130e-01,2.484000000000000097e-02,8.418200000000000127e-01,1.602999999999999911e-02,8.348600000000000465e-01,2.120000000000000009e-02,7.950300000000000145e-01,5.684999999999999776e-02,8.211100000000000065e-01,2.033000000000000085e-02,8.198800000000000532e-01,8.695999999999999563e-02,8.075700000000000101e-01,3.006999999999999951e-02,8.008800000000000363e-01,2.441000000000000114e-02,1.000000000000000000e+00,0.000000000000000000e+00
1.000000000000000000e+00,0.000000000000000000e+00,9.751300000000000523e-01,7.100000000000000408e-03,9.857900000000000551e-01,2.486999999999999975e-02,1.000000000000000000e+00,1.953999999999999834e-02,9.929000000000000048e-01,1.599000000000000074e-02,9.573700000000000543e-01,2.308999999999999941e-02,9.715799999999999992e-01,3.552000000000000296e-02,1.000000000000000000e+00,3.729999999999999982e-02,9.786899999999999489e-01,2.159000000000000155e-02,9.857900000000000551e-01,5.684000000000000163e-02,9.715799999999999992e-01,4.796000000000000263e-02,9.449400000000000022e-01,6.675000000000000377e-02,9.840100000000000513e-01,4.644000000000000211e-02,9.754000000000000448e-01,6.476999999999999424e-02,9.484900000000000553e-01,8.171000000000000485e-02,9.911200000000000010e-01,8.099000000000000643e-02,9.893399999999999972e-01,9.947000000000000286e-02,1.000000000000000000e+00,0.000000000000000000e+00
1.000000000000000000e+00,0.000000000000000000e+00,1.000000000000000000e+00,1.105000000000000079e-02,1.000000000000000000e+00,1.405999999999999958e-02,1.000000000000000000e+00,2.319999999999999840e-02,9.944800000000000306e-01,1.435999999999999950e-02,9.944800000000000306e-01,2.210000000000000159e-03,9.834300000000000264e-01,2.319999999999999840e-02,1.000000000000000000e+00,8.840000000000000635e-03,9.756899999999999462e-01,7.830000000000000154e-03,9.790100000000000469e-01,1.657000000000000139e-02,9.801100000000000367e-01,6.629999999999999609e-03,9.812199999999999811e-01,2.544000000000000081e-02,9.712699999999999667e-01,8.670000000000000623e-03,9.803300000000000347e-01,1.600000000000000033e-02,9.790100000000000469e-01,1.546999999999999938e-02,9.856399999999999606e-01,2.733999999999999972e-02,9.867399999999999505e-01,2.761999999999999872e-02,1.000000000000000000e+00,0.000000000000000000e+00
1.000000000000000000e+00,0.000000000000000000e+00,1.000000000000000000e+00,1.341999999999999964e-02,1.000000000000000000e+00,1.992999999999999980e-02,1.000000000000000000e+00,2.239999999999999804e-03,1.000000000000000000e+00,6.264000000000000123e-02,9.776299999999999990e-01,4.474000000000000199e-02,9.597299999999999720e-01,2.908000000000000168e-02,1.000000000000000000e+00,6.487999999999999323e-02,9.888099999999999667e-01,3.398999999999999938e-02,1.000000000000000000e+00,3.579000000000000237e-02,9.977599999999999802e-01,9.396000000000000185e-02,9.574899999999999523e-01,8.949999999999999623e-02,1.000000000000000000e+00,1.316299999999999970e-01,9.998899999999999455e-01,8.762999999999999956e-02,9.910499999999999865e-01,8.501000000000000223e-02,1.000000000000000000e+00,1.311400000000000066e-01,1.000000000000000000e+00,1.006699999999999956e-01,1.000000000000000000e+00,0.000000000000000000e+00
1.000000000000000000e+00,0.000000000000000000e+00,8.841999999999999860e-01,3.672400000000000109e-01,6.712299999999999933e-01,8.575099999999999945e-01,3.961299999999999821e-01,8.639900000000000357e-01,2.424000000000000113e-02,9.318199999999999816e-01,3.514800000000000146e-01,8.371300000000000407e-01,6.031600000000000295e-01,5.884200000000000541e-01,7.865799999999999459e-01,3.877800000000000136e-01,8.328499999999999792e-01,6.499999999999999702e-03,6.931800000000000184e-01,3.296299999999999786e-01,5.250399999999999512e-01,5.392400000000000526e-01,2.737700000000000133e-01,8.258499999999999730e-01,8.059999999999999457e-03,9.122900000000000453e-01,2.602800000000000114e-01,6.067799999999999860e-01,4.456899999999999751e-01,4.338299999999999934e-01,5.420899999999999608e-01,2.806299999999999906e-01,5.628600000000000270e-01,2.823000000000000162e-02,1.000000000000000000e+00,0.000000000000000000e+00
1.000000000000000000e+00,0.000000000000000000e+00,9.014699999999999935e-01,4.178600000000000092e-01,6.413100000000000467e-01,9.636799999999999811e-01,3.044000000000000039e-01,9.514799999999999924e-01,2.044900000000000051e-01,9.653399999999999759e-01,5.548300000000000454e-01,8.119100000000000206e-01,8.185700000000000198e-01,5.094899999999999984e-01,9.698600000000000554e-01,1.034500000000000003e-01,9.145600000000000396e-01,3.181899999999999729e-01,7.016299999999999759e-01,6.546100000000000252e-01,3.235399999999999943e-01,8.899899999999999478e-01,5.865000000000000074e-02,1.141590000000000105e+00,4.448300000000000032e-01,1.074160000000000004e+00,7.410499999999999865e-01,5.523099999999999676e-01,8.941500000000000004e-01,1.872499999999999998e-01,8.789299999999999891e-01,2.652200000000000113e-01,7.055500000000000105e-01,5.485200000000000076e-01,1.000000000000000000e+00,0.000000000000000000e+00
1.000000000000000000e+00,0.000000000000000000e+00,7.937800000000000411e-01,2.949200000000000155e-01,6.406399999999999872e-01,6.657199999999999784e-01,4.131900000000000017e-01,6.815799999999999637e-01,1.417700000000000071e-01,8.354800000000000004e-01,1.683099999999999874e-01,7.877199999999999758e-01,4.291099999999999914e-01,7.232800000000000340e-01,5.716499999999999915e-01,4.147100000000000231e-01,7.543600000000000305e-01,1.697200000000000097e-01,6.997700000000000031e-01,9.855999999999999484e-02,5.769499999999999629e-01,2.350299999999999889e-01,4.063700000000000090e-01,4.641299999999999870e-01,1.743699999999999972e-01,6.869600000000000151e-01,1.523000000000000048e-02,4.870700000000000029e-01,1.902999999999999969e-01,3.805899999999999839e-01,3.100800000000000223e-01,3.022099999999999786e-01,3.457200000000000273e-01,8.036000000000000087e-02,1.000000000000000000e+00,0.000000000000000000e+00
1.000000000000000000e+00,0.000000000000000000e+00,8.808500000000000218e-01,3.523200000000000220e-01,6.838899999999999979e-01,8.288200000000000012e-01,3.481600000000000250e-01,7.978399999999999936e-01,5.831999999999999684e-02,9.084200000000000053e-01,2.978399999999999936e-01,8.649000000000000021e-01,6.263499999999999623e-01,6.958999999999999631e-01,7.710599999999999676e-01,3.930899999999999950e-01,8.580299999999999594e-01,8.516999999999999571e-02,8.164099999999999691e-01,2.401699999999999946e-01,6.457899999999999752e-01,5.002199999999999980e-01,3.976600000000000135e-01,8.284099999999999797e-01,1.114699999999999996e-01,9.875899999999999679e-01,1.704100000000000059e-01,7.150400000000000089e-01,4.067500000000000004e-01,5.764899999999999469e-01,5.662599999999999856e-01,4.789399999999999769e-01,6.276500000000000412e-01,1.330500000000000016e-01,1.000000000000000000e+00,0.000000000000000000e+00
1.000000000000000000e+00,0.000000000000000000e+00,8.958899999999999642e-01,3.928599999999999870e-01,6.612900000000000444e-01,9.137800000000000367e-01,2.952099999999999724e-01,9.082400000000000473e-01,4.787000000000000283e-02,9.441500000000000448e-01,4.572499999999999898e-01,8.460499999999999687e-01,7.765999999999999570e-01,5.851100000000000190e-01,9.281899999999999595e-01,2.513299999999999979e-01,9.228199999999999736e-01,1.551299999999999901e-01,7.606399999999999828e-01,4.840400000000000258e-01,5.093100000000000405e-01,7.619700000000000362e-01,1.489499999999999991e-01,1.073930000000000051e+00,2.158100000000000018e-01,1.120560000000000000e+00,5.322900000000000409e-01,6.859300000000000397e-01,7.484600000000000142e-01,4.065599999999999770e-01,8.314200000000000479e-01,9.156999999999999862e-02,7.686199999999999699e-01,2.792600000000000082e-01,1.000000000000000000e+00,0.000000000000000000e+00
1.000000000000000000e+00,0.000000000000000000e+00,1.000000000000000000e+00,2.405100000000000016e-01,1.000000000000000000e+00,2.577400000000000246e-01,8.734199999999999742e-01,1.012699999999999989e-01,8.860799999999999788e-01,1.265999999999999938e-02,1.000000000000000000e+00,1.139199999999999935e-01,9.240500000000000380e-01,6.328999999999999904e-02,8.480999999999999650e-01,3.796999999999999681e-02,6.329099999999999726e-01,3.718400000000000039e-01,8.734199999999999742e-01,1.265999999999999938e-02,9.367100000000000426e-01,6.328999999999999904e-02,1.000000000000000000e+00,3.068899999999999961e-01,6.202499999999999680e-01,4.965200000000000169e-01,8.463699999999999557e-01,5.539999999999999786e-02,1.000000000000000000e+00,6.328999999999999904e-02,5.316499999999999559e-01,3.298000000000000237e-02,8.354399999999999604e-01,2.531999999999999876e-02,1.000000000000000000e+00,0.000000000000000000e+00
1.000000000000000000e+00,0.000000000000000000e+00,7.479000000000000092e-01,8.399999999999999481e-03,8.331199999999999717e-01,2.111000000000000029e-02,8.263800000000000034e-01,2.469000000000000014e-02,8.655500000000000416e-01,1.680999999999999855e-02,6.050400000000000222e-01,5.881999999999999729e-02,7.909300000000000219e-01,4.730999999999999789e-02,7.744100000000000428e-01,5.407000000000000001e-02,6.470599999999999685e-01,1.957800000000000096e-01,8.403399999999999759e-01,4.202000000000000179e-02,7.128499999999999837e-01,7.122000000000000552e-02,6.889499999999999513e-01,9.185000000000000109e-02,6.638699999999999601e-01,1.098699999999999954e-01,6.372799999999999576e-01,8.296000000000000596e-02,6.134500000000000508e-01,1.680999999999999855e-02,5.818699999999999983e-01,1.140800000000000008e-01,5.533000000000000140e-01,8.891000000000000292e-02,1.000000000000000000e+00,0.000000000000000000e+00
1.000000000000000000e+00,0.000000000000000000e+00,8.501300000000000523e-01,1.808999999999999844e-02,9.221099999999999852e-01,1.853000000000000133e-02,9.204599999999999449e-01,2.179999999999999993e-02,9.276499999999999746e-01,8.010000000000000453e-02,8.759700000000000264e-01,1.136999999999999955e-01,9.116100000000000314e-01,4.320000000000000229e-02,9.073799999999999644e-01,5.018000000000000238e-02,8.733899999999999997e-01,2.878999999999999962e-02,9.586599999999999566e-01,0.000000000000000000e+00,8.909700000000000397e-01,7.047000000000000486e-02,8.842999999999999750e-01,9.331000000000000405e-02,8.372100000000000097e-01,1.418999999999999984e-01,8.692299999999999471e-01,8.949999999999999623e-02,8.759700000000000264e-01,8.785999999999999366e-02,8.519799999999999596e-01,1.320199999999999985e-01,8.425799999999999956e-01,1.069800000000000056e-01,1.000000000000000000e+00,0.000000000000000000e+00
1.000000000000000000e+00,0.000000000000000000e+00,1.000000000000000000e+00,1.179000000000000013e-02,1.000000000000000000e+00,4.369999999999999753e-03,1.000000000000000000e+00,1.565000000000000072e-02,1.000000000000000000e+00,1.565000000000000072e-02,1.000000000000000000e+00,2.809000000000000039e-02,1.000000000000000000e+00,2.187000000000000055e-02,9.982799999999999452e-01,3.087000000000000161e-02,9.952800000000000535e-01,3.280000000000000276e-02,9.931400000000000228e-01,3.452000000000000207e-02,1.000000000000000000e+00,3.880999999999999728e-02,1.000000000000000000e+00,6.108000000000000235e-02,1.000000000000000000e+00,6.446999999999999953e-02,9.984199999999999742e-01,5.526999999999999968e-02,9.939999999999999947e-01,6.303999999999999881e-02,9.905699999999999505e-01,8.464000000000000690e-02,9.897099999999999786e-01,6.668000000000000316e-02,1.000000000000000000e+00,0.000000000000000000e+00
1.000000000000000000e+00,0.000000000000000000e+00,8.950500000000000123e-01,3.167999999999999983e-02,8.752499999999999725e-01,7.056999999999999384e-02,8.950500000000000123e-01,1.386000000000000079e-02,9.287100000000000355e-01,2.772000000000000158e-02,9.128699999999999593e-01,9.900000000000000813e-03,9.405900000000000372e-01,1.583999999999999991e-02,9.188100000000000156e-01,3.366000000000000242e-02,9.366299999999999626e-01,0.000000000000000000e+00,9.425700000000000189e-01,1.386000000000000079e-02,9.049500000000000322e-01,7.919999999999999957e-03,8.871299999999999741e-01,2.160000000000000114e-02,8.930700000000000305e-01,3.107000000000000040e-02,8.900200000000000333e-01,1.610999999999999932e-02,8.811900000000000288e-01,1.979999999999999989e-03,8.732699999999999907e-01,5.417000000000000287e-02,8.673300000000000454e-01,2.375999999999999987e-02,1.000000000000000000e+00,0.000000000000000000e+00
1.000000000000000000e+00,0.000000000000000000e+00,9.007100000000000106e-01,1.772999999999999923e-02,1.000000000000000000e+00,2.256000000000000019e-02,9.007100000000000106e-01,7.089999999999999948e-03,8.475200000000000511e-01,5.673999999999999877e-02,1.000000000000000000e+00,3.545999999999999847e-02,9.787200000000000344e-01,1.064000000000000015e-02,9.751800000000000468e-01,3.545999999999999847e-02,1.000000000000000000e+00,3.232000000000000151e-02,8.971599999999999575e-01,3.191000000000000086e-02,8.617000000000000215e-01,7.800999999999999601e-02,1.000000000000000000e+00,1.117699999999999944e-01,9.007100000000000106e-01,6.028000000000000025e-02,9.430500000000000549e-01,3.246999999999999886e-02,9.468100000000000405e-01,2.481999999999999831e-02,1.000000000000000000e+00,1.386000000000000079e-02,9.361699999999999466e-01,2.128000000000000030e-02,1.000000000000000000e+00,0.000000000000000000e+00
1.000000000000000000e+00,0.000000000000000000e+00,3.939400000000000124e-01,2.424199999999999966e-01,6.265500000000000513e-01,1.616000000000000075e-02,4.545500000000000096e-01,9.091000000000000469e-02,6.363600000000000367e-01,9.091000000000000469e-02,2.121200000000000030e-01,2.121200000000000030e-01,5.757600000000000495e-01,1.515199999999999880e-01,3.939400000000000124e-01,0.000000000000000000e+00,5.615599999999999481e-01,4.619999999999999801e-02,5.151499999999999968e-01,3.030000000000000054e-02,7.878800000000000248e-01,1.818200000000000094e-01,3.030300000000000216e-01,1.836800000000000099e-01,4.852600000000000247e-01,7.752000000000000557e-02,4.636199999999999766e-01,6.142000000000000237e-02,3.333300000000000152e-01,3.030000000000000054e-02,4.185599999999999876e-01,8.350000000000000477e-02,3.939400000000000124e-01,2.424199999999999966e-01,1.000000000000000000e+00,0.000000000000000000e+00
1.000000000000000000e+00,0.000000000000000000e+00,8.668900000000000494e-01,3.594999999999999862e-01,7.201400000000000023e-01,8.484099999999999975e-01,3.720100000000000073e-01,8.304899999999999505e-01,8.645999999999999519e-02,8.589299999999999713e-01,2.411800000000000055e-01,8.612100000000000311e-01,5.176300000000000345e-01,6.757699999999999818e-01,6.871399999999999730e-01,4.152399999999999980e-01,7.701900000000000412e-01,1.002600000000000019e-01,6.939699999999999758e-01,1.365200000000000025e-01,4.948799999999999866e-01,4.220700000000000007e-01,3.253699999999999926e-01,6.992099999999999982e-01,2.844000000000000000e-02,7.839000000000000412e-01,1.535999999999999865e-01,5.312700000000000200e-01,3.230899999999999883e-01,3.708799999999999875e-01,4.618900000000000228e-01,2.563799999999999968e-01,4.095599999999999796e-01,1.820000000000000090e-02,1.000000000000000000e+00,0.000000000000000000e+00
1.000000000000000000e+00,0.000000000000000000e+00,8.956300000000000372e-01,3.791700000000000070e-01,6.731099999999999861e-01,8.836699999999999555e-01,3.591599999999999793e-01,8.869599999999999707e-01,4.193000000000000199e-02,9.334500000000000020e-01,3.887499999999999845e-01,8.441400000000000015e-01,6.727400000000000047e-01,6.207799999999999985e-01,8.267999999999999794e-01,3.035599999999999965e-01,8.615000000000000435e-01,5.433999999999999941e-02,7.356399999999999606e-01,3.427499999999999991e-01,5.177800000000000180e-01,6.244300000000000406e-01,2.342799999999999883e-01,8.952999999999999847e-01,6.911000000000000476e-02,9.656700000000000284e-01,3.353099999999999969e-01,6.229599999999999582e-01,5.241400000000000503e-01,4.208600000000000119e-01,6.121699999999999919e-01,2.259299999999999919e-01,6.007299999999999862e-01,8.659999999999999643e-02,1.000000000000000000e+00,0.000000000000000000e+00
1.000000000000000000e+00,0.000000000000000000e+00,9.054699999999999971e-01,4.111299999999999955e-01,6.535400000000000098e-01,9.514099999999999779e-01,2.992099999999999760e-01,9.590499999999999581e-01,1.334200000000000108e-01,9.781999999999999584e-01,5.223600000000000465e-01,8.326299999999999812e-01,7.965700000000000003e-01,5.508600000000000163e-01,9.663100000000000023e-01,1.519199999999999995e-01,9.300100000000000033e-01,2.588500000000000245e-01,7.186299999999999910e-01,5.937900000000000400e-01,4.154599999999999960e-01,8.520499999999999741e-01,2.249999999999999917e-02,1.136929999999999996e+00,3.631800000000000028e-01,1.116179999999999950e+00,6.753799999999999804e-01,6.195899999999999741e-01,8.597700000000000342e-01,2.812299999999999800e-01,8.865399999999999947e-01,1.276599999999999957e-01,7.549500000000000099e-01,4.630099999999999771e-01,1.000000000000000000e+00,0.000000000000000000e+00
1.000000000000000000e+00,0.000000000000000000e+00,3.278900000000000148e-01,1.104200000000000043e-01,1.597000000000000086e-01,3.729700000000000237e-01,1.401999999999999913e-01,7.448500000000000121e-01,2.513099999999999778e-01,9.199300000000000255e-01,1.650300000000000100e-01,2.666399999999999881e-01,6.371400000000000396e-01,2.486500000000000099e-01,9.765000000000000346e-01,3.370000000000000166e-03,2.322700000000000042e-01,2.016699999999999882e-01,3.052199999999999913e-01,4.888600000000000168e-01,1.442599999999999993e-01,8.999099999999999877e-01,9.345000000000000528e-02,3.505300000000000082e-01,2.830699999999999883e-01,2.426699999999999968e-01,3.959900000000000087e-01,1.149799999999999989e-01,3.100499999999999923e-01,5.614000000000000240e-02,2.144300000000000095e-01,2.675699999999999745e-01,1.337599999999999900e-01,2.642200000000000104e-01,1.000000000000000000e+00,0.000000000000000000e+00
1.000000000000000000e+00,0.000000000000000000e+00,6.584499999999999797e-01,4.361700000000000021e-01,4.468099999999999850e-01,9.519600000000000284e-01,5.319000000000000117e-02,8.510600000000000387e-01,3.202699999999999991e-01,8.213899999999999535e-01,6.825299999999999701e-01,5.240799999999999903e-01,8.421100000000000252e-01,7.111000000000000654e-02,8.281100000000000128e-01,2.872299999999999853e-01,4.703200000000000158e-01,7.265399999999999636e-01,4.759000000000000036e-02,8.600200000000000067e-01,2.329199999999999882e-01,7.631599999999999495e-01,5.666299999999999670e-01,6.319200000000000372e-01,7.429999999999999938e-01,2.437799999999999967e-01,7.475800000000000223e-01,2.371300000000000074e-01,4.518499999999999739e-01,5.907099999999999573e-01,2.054900000000000060e-01,1.000000000000000000e+00,1.853299999999999947e-01,7.435599999999999987e-01,1.000000000000000000e+00,0.000000000000000000e+00
1.000000000000000000e+00,0.000000000000000000e+00,1.946599999999999997e-01,5.725000000000000228e-02,4.198000000000000342e-02,3.205799999999999761e-01,1.055699999999999972e-01,4.886599999999999833e-01,1.832100000000000117e-01,1.832100000000000117e-01,4.198500000000000010e-01,6.106999999999999929e-02,4.541999999999999926e-01,9.160000000000000087e-02,1.641199999999999881e-01,3.053400000000000003e-01,1.030500000000000027e-01,4.020900000000000030e-01,1.870199999999999918e-01,1.755700000000000038e-01,3.401199999999999779e-01,1.195299999999999974e-01,2.862600000000000144e-01,1.943300000000000027e-01,2.164500000000000035e-01,3.228500000000000258e-01,3.912999999999999812e-02,3.109199999999999742e-01,3.817000000000000254e-02,2.633599999999999830e-01,1.679400000000000059e-01,2.187699999999999922e-01,3.015300000000000202e-01,3.358800000000000119e-01,1.000000000000000000e+00,0.000000000000000000e+00
1.000000000000000000e+00,0.000000000000000000e+00,9.800200000000000022e-01,7.500000000000000156e-04,1.000000000000000000e+00,0.000000000000000000e+00,9.898200000000000331e-01,7.500000000000000156e-04,9.472099999999999964e-01,2.393999999999999947e-02,9.769999999999999796e-01,2.129999999999999949e-02,9.788799999999999724e-01,3.073000000000000037e-02,9.917000000000000259e-01,2.338000000000000148e-02,9.392899999999999583e-01,5.786999999999999783e-02,9.355200000000000182e-01,5.278999999999999665e-02,9.773800000000000265e-01,5.523999999999999744e-02,1.000000000000000000e+00,7.566000000000000503e-02,9.415499999999999980e-01,1.059999999999999970e-01,9.670900000000000052e-01,7.255000000000000338e-02,9.570100000000000273e-01,8.087999999999999357e-02,9.818999999999999950e-01,1.058599999999999958e-01,9.724699999999999456e-01,8.616000000000000048e-02,1.000000000000000000e+00,0.000000000000000000e+00
1.000000000000000000e+00,0.000000000000000000e+00,8.225400000000000489e-01,7.571999999999999564e-02,8.046200000000000019e-01,2.939999999999999905e-03,8.751400000000000290e-01,1.213999999999999975e-02,8.682100000000000373e-01,7.513999999999999846e-02,7.283199999999999674e-01,1.173399999999999999e-01,8.462399999999999922e-01,5.029000000000000137e-02,8.312100000000000044e-01,7.399000000000000021e-02,7.479799999999999782e-01,6.791999999999999427e-02,7.832400000000000473e-01,6.357999999999999763e-02,8.676300000000000123e-01,2.369999999999999885e-02,7.884400000000000297e-01,7.288000000000000034e-02,7.445100000000000051e-01,3.099000000000000019e-02,7.671700000000000186e-01,2.731000000000000094e-02,7.404600000000000071e-01,7.630000000000000671e-02,7.005799999999999805e-01,5.496999999999999803e-02,7.843900000000000317e-01,1.213999999999999975e-02,1.000000000000000000e+00,0.000000000000000000e+00
1.000000000000000000e+00,0.000000000000000000e+00,3.534599999999999964e-01,1.376799999999999968e-01,6.938699999999999868e-01,3.083999999999999936e-02,6.819499999999999451e-01,3.574000000000000093e-02,5.571700000000000541e-01,6.119000000000000133e-02,6.183600000000000207e-01,1.046699999999999992e-01,6.209900000000000420e-01,6.526999999999999469e-02,5.936099999999999710e-01,7.288999999999999646e-02,4.227099999999999747e-01,2.675100000000000255e-01,5.821300000000000363e-01,4.991999999999999910e-02,4.973600000000000243e-01,8.770999999999999630e-02,4.624099999999999877e-01,1.089699999999999974e-01,4.500799999999999801e-01,7.369999999999999815e-03,3.914599999999999747e-01,9.038000000000000200e-02,3.558799999999999741e-01,1.030599999999999988e-01,3.223199999999999954e-01,1.125099999999999989e-01,2.894300000000000206e-01,8.300000000000000433e-02,1.000000000000000000e+00,0.000000000000000000e+00
